ssp,region,year,driver,value
SSP1,China,2020,"GDP
(tn US$)",24.54866823412
SSP1,China,2020,"GDP/cap
(000 US$)",17.14891334383014
SSP1,China,2020,"Population
(bn)",1.4314999290000001
SSP1,China,2020,"Urban share
(%)",61.07822761156421
SSP1,China,2025,"GDP
(tn US$)",31.41083949137999
SSP1,China,2025,"GDP/cap
(000 US$)",21.905819319028158
SSP1,China,2025,"Population
(bn)",1.4339038880000001
SSP1,China,2025,"Urban share
(%)",62.974294957012475
SSP1,China,2030,"GDP
(tn US$)",37.77260908005937
SSP1,China,2030,"GDP/cap
(000 US$)",26.498414698244883
SSP1,China,2030,"Population
(bn)",1.42546675
SSP1,China,2030,"Urban share
(%)",67.27909519546073
SSP1,China,2035,"GDP
(tn US$)",44.65579136342854
SSP1,China,2035,"GDP/cap
(000 US$)",31.6671486671089
SSP1,China,2035,"Population
(bn)",1.410161421
SSP1,China,2035,"Urban share
(%)",71.58269615606723
SSP1,China,2040,"GDP
(tn US$)",50.29498670416142
SSP1,China,2040,"GDP/cap
(000 US$)",36.1840883215285
SSP1,China,2040,"Population
(bn)",1.389975236
SSP1,China,2040,"Urban share
(%)",75.8848610460424
SSP1,China,2045,"GDP
(tn US$)",56.58058135860049
SSP1,China,2045,"GDP/cap
(000 US$)",41.4740139107504
SSP1,China,2045,"Population
(bn)",1.364241751
SSP1,China,2045,"Urban share
(%)",78.47895878511638
SSP1,China,2050,"GDP
(tn US$)",62.070276826048676
SSP1,China,2050,"GDP/cap
(000 US$)",46.651141037288205
SSP1,China,2050,"Population
(bn)",1.330520014
SSP1,China,2050,"Urban share
(%)",80.73569306453665
SSP1,China,2055,"GDP
(tn US$)",67.20415867376832
SSP1,China,2055,"GDP/cap
(000 US$)",52.17540642807216
SSP1,China,2055,"Population
(bn)",1.2880428400000001
SSP1,China,2055,"Urban share
(%)",82.70320646054753
SSP1,China,2060,"GDP
(tn US$)",71.52441148168352
SSP1,China,2060,"GDP/cap
(000 US$)",57.734669638838966
SSP1,China,2060,"Population
(bn)",1.238846813
SSP1,China,2060,"Urban share
(%)",84.42366789749008
SSP1,China,2070,"GDP
(tn US$)",79.00318867815281
SSP1,China,2070,"GDP/cap
(000 US$)",69.82500963367515
SSP1,China,2070,"Population
(bn)",1.1314454390000002
SSP1,China,2070,"Urban share
(%)",87.26103693575628
SSP1,China,2080,"GDP
(tn US$)",82.82530730499599
SSP1,China,2080,"GDP/cap
(000 US$)",80.7941858292565
SSP1,China,2080,"Population
(bn)",1.025139451
SSP1,China,2080,"Urban share
(%)",89.47256817662947
SSP1,China,2090,"GDP
(tn US$)",83.78662674216918
SSP1,China,2090,"GDP/cap
(000 US$)",91.23067952081695
SSP1,China,2090,"Population
(bn)",0.918404063
SSP1,China,2090,"Urban share
(%)",91.2184012389904
SSP1,China,2100,"GDP
(tn US$)",82.91426605388638
SSP1,China,2100,"GDP/cap
(000 US$)",100.86225326984552
SSP1,China,2100,"Population
(bn)",0.822054469
SSP1,China,2100,"Urban share
(%)",92.62060032261196
SSP1,World,2020,"GDP
(tn US$)",118.25988426426001
SSP1,World,2020,"GDP/cap
(000 US$)",15.157579679688807
SSP1,World,2020,"Population
(bn)",7.8020295299999995
SSP1,World,2020,"Urban share
(%)",55.89218504857415
SSP1,World,2025,"GDP
(tn US$)",142.5076604054
SSP1,World,2025,"GDP/cap
(000 US$)",17.48842895572223
SSP1,World,2025,"Population
(bn)",8.14868281
SSP1,World,2025,"Urban share
(%)",57.494803609862814
SSP1,World,2030,"GDP
(tn US$)",167.0311703043191
SSP1,World,2030,"GDP/cap
(000 US$)",19.770075236426322
SSP1,World,2030,"Population
(bn)",8.448686629
SSP1,World,2030,"Urban share
(%)",61.72303581194048
SSP1,World,2035,"GDP
(tn US$)",197.4842788747869
SSP1,World,2035,"GDP/cap
(000 US$)",22.71263145825177
SSP1,World,2035,"Population
(bn)",8.694909669000001
SSP1,World,2035,"Urban share
(%)",66.0640359598338
SSP1,World,2040,"GDP
(tn US$)",226.4847812927511
SSP1,World,2040,"GDP/cap
(000 US$)",25.460615019585237
SSP1,World,2040,"Population
(bn)",8.895495301999999
SSP1,World,2040,"Urban share
(%)",70.48877717479739
SSP1,World,2045,"GDP
(tn US$)",262.0664141048083
SSP1,World,2045,"GDP/cap
(000 US$)",28.90908275479317
SSP1,World,2045,"Population
(bn)",9.065192982000001
SSP1,World,2045,"Urban share
(%)",73.57285833663238
SSP1,World,2050,"GDP
(tn US$)",295.5795855671966
SSP1,World,2050,"GDP/cap
(000 US$)",32.148213601320215
SSP1,World,2050,"Population
(bn)",9.194277145
SSP1,World,2050,"Urban share
(%)",76.37918026286708
SSP1,World,2055,"GDP
(tn US$)",331.99926641741877
SSP1,World,2055,"GDP/cap
(000 US$)",35.81638408230216
SSP1,World,2055,"Population
(bn)",9.269480293
SSP1,World,2055,"Urban share
(%)",78.91367670178474
SSP1,World,2060,"GDP
(tn US$)",367.01900163820505
SSP1,World,2060,"GDP/cap
(000 US$)",39.513113912878495
SSP1,World,2060,"Population
(bn)",9.288536521
SSP1,World,2060,"Urban share
(%)",81.19021144619192
SSP1,World,2070,"GDP
(tn US$)",441.5689489623241
SSP1,World,2070,"GDP/cap
(000 US$)",48.04168674655987
SSP1,World,2070,"Population
(bn)",9.191370638
SSP1,World,2070,"Urban share
(%)",85.03475591393293
SSP1,World,2080,"GDP
(tn US$)",511.77719495677275
SSP1,World,2080,"GDP/cap
(000 US$)",57.16620981097419
SSP1,World,2080,"Population
(bn)",8.952442302
SSP1,World,2080,"Urban share
(%)",88.06583166908034
SSP1,World,2090,"GDP
(tn US$)",574.6540056306748
SSP1,World,2090,"GDP/cap
(000 US$)",66.99304434141116
SSP1,World,2090,"Population
(bn)",8.57781597
SSP1,World,2090,"Urban share
(%)",90.43229844347955
SSP1,World,2100,"GDP
(tn US$)",629.2435067413218
SSP1,World,2100,"GDP/cap
(000 US$)",77.77826983225742
SSP1,World,2100,"Population
(bn)",8.090222476
SSP1,World,2100,"Urban share
(%)",92.27626107605968
SSP1,Latin Am.,2020,"GDP
(tn US$)",8.013186228099999
SSP1,Latin Am.,2020,"GDP/cap
(000 US$)",12.409192452480543
SSP1,Latin Am.,2020,"Population
(bn)",0.645745987
SSP1,Latin Am.,2020,"Urban share
(%)",81.02245360496526
SSP1,Latin Am.,2025,"GDP
(tn US$)",9.58846672668
SSP1,Latin Am.,2025,"GDP/cap
(000 US$)",14.351355452441233
SSP1,Latin Am.,2025,"Population
(bn)",0.6681227260000001
SSP1,Latin Am.,2025,"Urban share
(%)",81.90240435744585
SSP1,Latin Am.,2030,"GDP
(tn US$)",10.87078548294217
SSP1,Latin Am.,2030,"GDP/cap
(000 US$)",15.823488414690692
SSP1,Latin Am.,2030,"Population
(bn)",0.687003093
SSP1,Latin Am.,2030,"Urban share
(%)",83.68645692495738
SSP1,Latin Am.,2035,"GDP
(tn US$)",12.84455281515857
SSP1,Latin Am.,2035,"GDP/cap
(000 US$)",18.33215269421182
SSP1,Latin Am.,2035,"Population
(bn)",0.7006570929999998
SSP1,Latin Am.,2035,"Urban share
(%)",85.50273673036851
SSP1,Latin Am.,2040,"GDP
(tn US$)",14.99396756222141
SSP1,Latin Am.,2040,"GDP/cap
(000 US$)",21.13849225037275
SSP1,Latin Am.,2040,"Population
(bn)",0.709320579
SSP1,Latin Am.,2040,"Urban share
(%)",87.34090119758953
SSP1,Latin Am.,2045,"GDP
(tn US$)",17.82444849555027
SSP1,Latin Am.,2045,"GDP/cap
(000 US$)",24.95337039615008
SSP1,Latin Am.,2045,"Population
(bn)",0.7143102600000001
SSP1,Latin Am.,2045,"Urban share
(%)",88.78540316167654
SSP1,Latin Am.,2050,"GDP
(tn US$)",20.77566251582449
SSP1,Latin Am.,2050,"GDP/cap
(000 US$)",29.04107677359591
SSP1,Latin Am.,2050,"Population
(bn)",0.7153888500000001
SSP1,Latin Am.,2050,"Urban share
(%)",90.15159556649226
SSP1,Latin Am.,2055,"GDP
(tn US$)",23.91617554693242
SSP1,Latin Am.,2055,"GDP/cap
(000 US$)",33.564250642410734
SSP1,Latin Am.,2055,"Population
(bn)",0.712549069
SSP1,Latin Am.,2055,"Urban share
(%)",91.42293004745754
SSP1,Latin Am.,2060,"GDP
(tn US$)",27.11564624629149
SSP1,Latin Am.,2060,"GDP/cap
(000 US$)",38.42191987150799
SSP1,Latin Am.,2060,"Population
(bn)",0.705733767
SSP1,Latin Am.,2060,"Urban share
(%)",92.58487231730544
SSP1,Latin Am.,2070,"GDP
(tn US$)",33.67429749629421
SSP1,Latin Am.,2070,"GDP/cap
(000 US$)",49.30582285260512
SSP1,Latin Am.,2070,"Population
(bn)",0.6829679649999999
SSP1,Latin Am.,2070,"Urban share
(%)",94.54247196648382
SSP1,Latin Am.,2080,"GDP
(tn US$)",39.706785833250954
SSP1,Latin Am.,2080,"GDP/cap
(000 US$)",60.995501155825366
SSP1,Latin Am.,2080,"Population
(bn)",0.650978926
SSP1,Latin Am.,2080,"Urban share
(%)",96.01069967779571
SSP1,Latin Am.,2090,"GDP
(tn US$)",44.63371196584262
SSP1,Latin Am.,2090,"GDP/cap
(000 US$)",72.91200685370528
SSP1,Latin Am.,2090,"Population
(bn)",0.612158599
SSP1,Latin Am.,2090,"Urban share
(%)",97.05369579342297
SSP1,Latin Am.,2100,"GDP
(tn US$)",48.0620871236454
SSP1,Latin Am.,2100,"GDP/cap
(000 US$)",84.88658986815972
SSP1,Latin Am.,2100,"Population
(bn)",0.566191753
SSP1,Latin Am.,2100,"Urban share
(%)",97.76782672257501
SSP1,N. America,2020,"GDP
(tn US$)",19.967421148320003
SSP1,N. America,2020,"GDP/cap
(000 US$)",53.00675096253327
SSP1,N. America,2020,"Population
(bn)",0.376695813
SSP1,N. America,2020,"Urban share
(%)",82.69363959906822
SSP1,N. America,2025,"GDP
(tn US$)",22.74335001618
SSP1,N. America,2025,"GDP/cap
(000 US$)",59.22956724124227
SSP1,N. America,2025,"Population
(bn)",0.38398642899999996
SSP1,N. America,2025,"Urban share
(%)",83.71944530691214
SSP1,N. America,2030,"GDP
(tn US$)",24.97306837612447
SSP1,N. America,2030,"GDP/cap
(000 US$)",63.617923916254945
SSP1,N. America,2030,"Population
(bn)",0.39254767900000004
SSP1,N. America,2030,"Urban share
(%)",84.71878979797506
SSP1,N. America,2035,"GDP
(tn US$)",27.60151325166511
SSP1,N. America,2035,"GDP/cap
(000 US$)",68.87730923639671
SSP1,N. America,2035,"Population
(bn)",0.400734488
SSP1,N. America,2035,"Urban share
(%)",85.71827270233437
SSP1,N. America,2040,"GDP
(tn US$)",30.03477120181364
SSP1,N. America,2040,"GDP/cap
(000 US$)",73.54742683071375
SSP1,N. America,2040,"Population
(bn)",0.408372835
SSP1,N. America,2040,"Urban share
(%)",86.71790935840284
SSP1,N. America,2045,"GDP
(tn US$)",32.66793576399908
SSP1,N. America,2045,"GDP/cap
(000 US$)",78.63287084318344
SSP1,N. America,2045,"Population
(bn)",0.41544884999999987
SSP1,N. America,2045,"Urban share
(%)",88.10312379476802
SSP1,N. America,2050,"GDP
(tn US$)",35.083430176691536
SSP1,N. America,2050,"GDP/cap
(000 US$)",83.13822191733286
SSP1,N. America,2050,"Population
(bn)",0.421989181
SSP1,N. America,2050,"Urban share
(%)",89.59492679807587
SSP1,N. America,2055,"GDP
(tn US$)",37.388422911405435
SSP1,N. America,2055,"GDP/cap
(000 US$)",87.53711947322634
SSP1,N. America,2055,"Population
(bn)",0.42711507
SSP1,N. America,2055,"Urban share
(%)",91.13602392636953
SSP1,N. America,2060,"GDP
(tn US$)",39.67022926271603
SSP1,N. America,2060,"GDP/cap
(000 US$)",91.9843513209931
SSP1,N. America,2060,"Population
(bn)",0.431271501
SSP1,N. America,2060,"Urban share
(%)",92.65822333277941
SSP1,N. America,2070,"GDP
(tn US$)",44.20408728267446
SSP1,N. America,2070,"GDP/cap
(000 US$)",100.99690373650166
SSP1,N. America,2070,"Population
(bn)",0.437677648
SSP1,N. America,2070,"Urban share
(%)",95.36814844608197
SSP1,N. America,2080,"GDP
(tn US$)",48.452976581333054
SSP1,N. America,2080,"GDP/cap
(000 US$)",109.7197573828602
SSP1,N. America,2080,"Population
(bn)",0.441606669
SSP1,N. America,2080,"Urban share
(%)",97.35166240482656
SSP1,N. America,2090,"GDP
(tn US$)",52.17699704616734
SSP1,N. America,2090,"GDP/cap
(000 US$)",118.83547361817794
SSP1,N. America,2090,"Population
(bn)",0.439069206
SSP1,N. America,2090,"Urban share
(%)",98.58915716901812
SSP1,N. America,2100,"GDP
(tn US$)",54.872840895037164
SSP1,N. America,2100,"GDP/cap
(000 US$)",128.4611725478513
SSP1,N. America,2100,"Population
(bn)",0.427155068
SSP1,N. America,2100,"Urban share
(%)",99.2806535303966
SSP1,S. Asia,2020,"GDP
(tn US$)",10.85089264802
SSP1,S. Asia,2020,"GDP/cap
(000 US$)",5.797050173340033
SSP1,S. Asia,2020,"Population
(bn)",1.871795538
SSP1,S. Asia,2020,"Urban share
(%)",34.883209725334865
SSP1,S. Asia,2025,"GDP
(tn US$)",14.72538388998
SSP1,S. Asia,2025,"GDP/cap
(000 US$)",7.482128089479102
SSP1,S. Asia,2025,"Population
(bn)",1.968074285
SSP1,S. Asia,2025,"Urban share
(%)",37.930754775567834
SSP1,S. Asia,2030,"GDP
(tn US$)",19.401275842280977
SSP1,S. Asia,2030,"GDP/cap
(000 US$)",9.461519082930149
SSP1,S. Asia,2030,"Population
(bn)",2.0505455489999997
SSP1,S. Asia,2030,"Urban share
(%)",44.804880422929834
SSP1,S. Asia,2035,"GDP
(tn US$)",26.142996392563962
SSP1,S. Asia,2035,"GDP/cap
(000 US$)",12.365225371152539
SSP1,S. Asia,2035,"Population
(bn)",2.114235334
SSP1,S. Asia,2035,"Urban share
(%)",51.67354569523872
SSP1,S. Asia,2040,"GDP
(tn US$)",32.0127443622064
SSP1,S. Asia,2040,"GDP/cap
(000 US$)",14.821235345097236
SSP1,S. Asia,2040,"Population
(bn)",2.159924164
SSP1,S. Asia,2040,"Urban share
(%)",58.536329890903986
SSP1,S. Asia,2045,"GDP
(tn US$)",40.97513129728245
SSP1,S. Asia,2045,"GDP/cap
(000 US$)",18.685041943597422
SSP1,S. Asia,2045,"Population
(bn)",2.192937614
SSP1,S. Asia,2045,"Urban share
(%)",63.28576830283098
SSP1,S. Asia,2050,"GDP
(tn US$)",48.57341198395502
SSP1,S. Asia,2050,"GDP/cap
(000 US$)",21.952770243576992
SSP1,S. Asia,2050,"Population
(bn)",2.212632458
SSP1,S. Asia,2050,"Urban share
(%)",67.48821473714862
SSP1,S. Asia,2055,"GDP
(tn US$)",58.10044422870184
SSP1,S. Asia,2055,"GDP/cap
(000 US$)",26.18328824400606
SSP1,S. Asia,2055,"Population
(bn)",2.2189895969999998
SSP1,S. Asia,2055,"Urban share
(%)",71.17859444653224
SSP1,S. Asia,2060,"GDP
(tn US$)",67.11334529487587
SSP1,S. Asia,2060,"GDP/cap
(000 US$)",30.352759236832007
SSP1,S. Asia,2060,"Population
(bn)",2.211111839
SSP1,S. Asia,2060,"Urban share
(%)",74.40689843802559
SSP1,S. Asia,2070,"GDP
(tn US$)",87.0598928536066
SSP1,S. Asia,2070,"GDP/cap
(000 US$)",40.32668619844666
SSP1,S. Asia,2070,"Population
(bn)",2.1588655319999996
SSP1,S. Asia,2070,"Urban share
(%)",79.6905145964112
SSP1,S. Asia,2080,"GDP
(tn US$)",105.94374080980721
SSP1,S. Asia,2080,"GDP/cap
(000 US$)",51.30050021064189
SSP1,S. Asia,2080,"Population
(bn)",2.0651599959999998
SSP1,S. Asia,2080,"Urban share
(%)",83.73863285950655
SSP1,S. Asia,2090,"GDP
(tn US$)",121.9903055218705
SSP1,S. Asia,2090,"GDP/cap
(000 US$)",62.96951401607875
SSP1,S. Asia,2090,"Population
(bn)",1.93729152
SSP1,S. Asia,2090,"Urban share
(%)",86.87179082962331
SSP1,S. Asia,2100,"GDP
(tn US$)",134.7789946744587
SSP1,S. Asia,2100,"GDP/cap
(000 US$)",75.43062416753835
SSP1,S. Asia,2100,"Population
(bn)",1.786794106
SSP1,S. Asia,2100,"Urban share
(%)",89.32478864082285
SSP1,Sub-Sahara,2020,"GDP
(tn US$)",3.7778508966200004
SSP1,Sub-Sahara,2020,"GDP/cap
(000 US$)",3.484128987294908
SSP1,Sub-Sahara,2020,"Population
(bn)",1.084302823
SSP1,Sub-Sahara,2020,"Urban share
(%)",41.849620064947494
SSP1,Sub-Sahara,2025,"GDP
(tn US$)",4.578015808220002
SSP1,Sub-Sahara,2025,"GDP/cap
(000 US$)",3.7247351838531655
SSP1,Sub-Sahara,2025,"Population
(bn)",1.22908491
SSP1,Sub-Sahara,2025,"Urban share
(%)",43.94535885287779
SSP1,Sub-Sahara,2030,"GDP
(tn US$)",5.722063635355422
SSP1,Sub-Sahara,2030,"GDP/cap
(000 US$)",4.198257067072827
SSP1,Sub-Sahara,2030,"Population
(bn)",1.3629617109999999
SSP1,Sub-Sahara,2030,"Urban share
(%)",49.44500010524629
SSP1,Sub-Sahara,2035,"GDP
(tn US$)",7.347446642256977
SSP1,Sub-Sahara,2035,"GDP/cap
(000 US$)",4.938252869173966
SSP1,Sub-Sahara,2035,"Population
(bn)",1.48786359
SSP1,Sub-Sahara,2035,"Urban share
(%)",54.989890679736085
SSP1,Sub-Sahara,2040,"GDP
(tn US$)",9.626012977767758
SSP1,Sub-Sahara,2040,"GDP/cap
(000 US$)",5.989851655411787
SSP1,Sub-Sahara,2040,"Population
(bn)",1.607053652
SSP1,Sub-Sahara,2040,"Urban share
(%)",60.56217111823844
SSP1,Sub-Sahara,2045,"GDP
(tn US$)",12.57050185528754
SSP1,Sub-Sahara,2045,"GDP/cap
(000 US$)",7.286646555336293
SSP1,Sub-Sahara,2045,"Population
(bn)",1.725142253
SSP1,Sub-Sahara,2045,"Urban share
(%)",64.63117877501897
SSP1,Sub-Sahara,2050,"GDP
(tn US$)",16.08546798353489
SSP1,Sub-Sahara,2050,"GDP/cap
(000 US$)",8.752430832481933
SSP1,Sub-Sahara,2050,"Population
(bn)",1.837828632
SSP1,Sub-Sahara,2050,"Urban share
(%)",68.35675278249556
SSP1,Sub-Sahara,2055,"GDP
(tn US$)",20.80889535724803
SSP1,Sub-Sahara,2055,"GDP/cap
(000 US$)",10.740601742205197
SSP1,Sub-Sahara,2055,"Population
(bn)",1.937404985
SSP1,Sub-Sahara,2055,"Urban share
(%)",71.73340981880824
SSP1,Sub-Sahara,2060,"GDP
(tn US$)",25.68495593474983
SSP1,Sub-Sahara,2060,"GDP/cap
(000 US$)",12.705796731264385
SSP1,Sub-Sahara,2060,"Population
(bn)",2.021514784
SSP1,Sub-Sahara,2060,"Urban share
(%)",74.76945273660091
SSP1,Sub-Sahara,2070,"GDP
(tn US$)",39.07007068448271
SSP1,Sub-Sahara,2070,"GDP/cap
(000 US$)",18.189180566143087
SSP1,Sub-Sahara,2070,"Population
(bn)",2.1479841019999997
SSP1,Sub-Sahara,2070,"Urban share
(%)",79.90629306090321
SSP1,Sub-Sahara,2080,"GDP
(tn US$)",56.12494126937783
SSP1,Sub-Sahara,2080,"GDP/cap
(000 US$)",25.284020574391906
SSP1,Sub-Sahara,2080,"Population
(bn)",2.219779133
SSP1,Sub-Sahara,2080,"Urban share
(%)",83.96668968308883
SSP1,Sub-Sahara,2090,"GDP
(tn US$)",76.31619248649734
SSP1,Sub-Sahara,2090,"GDP/cap
(000 US$)",34.163387777212165
SSP1,Sub-Sahara,2090,"Population
(bn)",2.2338590359999997
SSP1,Sub-Sahara,2090,"Urban share
(%)",87.15665730206175
SSP1,Sub-Sahara,2100,"GDP
(tn US$)",99.2353236788419
SSP1,Sub-Sahara,2100,"GDP/cap
(000 US$)",45.288317373184896
SSP1,Sub-Sahara,2100,"Population
(bn)",2.191190343
SSP1,Sub-Sahara,2100,"Urban share
(%)",89.66285412777123
SSP1,W. Europe,2020,"GDP
(tn US$)",17.22165493292
SSP1,W. Europe,2020,"GDP/cap
(000 US$)",33.93863382827778
SSP1,W. Europe,2020,"Population
(bn)",0.5074351260000001
SSP1,W. Europe,2020,"Urban share
(%)",78.86846633198981
SSP1,W. Europe,2025,"GDP
(tn US$)",19.826374829600002
SSP1,W. Europe,2025,"GDP/cap
(000 US$)",38.62120884046251
SSP1,W. Europe,2025,"Population
(bn)",0.5133545899999999
SSP1,W. Europe,2025,"Urban share
(%)",80.09303009470901
SSP1,W. Europe,2030,"GDP
(tn US$)",21.580051591398288
SSP1,W. Europe,2030,"GDP/cap
(000 US$)",41.65725851198418
SSP1,W. Europe,2030,"Population
(bn)",0.518038209
SSP1,W. Europe,2030,"Urban share
(%)",82.33348653954467
SSP1,W. Europe,2035,"GDP
(tn US$)",23.858142346414947
SSP1,W. Europe,2035,"GDP/cap
(000 US$)",45.6793723224042
SSP1,W. Europe,2035,"Population
(bn)",0.522295757
SSP1,W. Europe,2035,"Urban share
(%)",84.56492697969082
SSP1,W. Europe,2040,"GDP
(tn US$)",26.16275151417879
SSP1,W. Europe,2040,"GDP/cap
(000 US$)",49.709412756187625
SSP1,W. Europe,2040,"Population
(bn)",0.526313832
SSP1,W. Europe,2040,"Urban share
(%)",86.78741922365057
SSP1,W. Europe,2045,"GDP
(tn US$)",28.78102022873149
SSP1,W. Europe,2045,"GDP/cap
(000 US$)",54.27697690771221
SSP1,W. Europe,2045,"Population
(bn)",0.5302620350000001
SSP1,W. Europe,2045,"Urban share
(%)",88.39801085031668
SSP1,W. Europe,2050,"GDP
(tn US$)",31.3615206613103
SSP1,W. Europe,2050,"GDP/cap
(000 US$)",58.75106038097974
SSP1,W. Europe,2050,"Population
(bn)",0.5338034830000001
SSP1,W. Europe,2050,"Urban share
(%)",89.88042552247077
SSP1,W. Europe,2055,"GDP
(tn US$)",33.85790432853196
SSP1,W. Europe,2055,"GDP/cap
(000 US$)",63.22994479544457
SSP1,W. Europe,2055,"Population
(bn)",0.535472622
SSP1,W. Europe,2055,"Urban share
(%)",91.23360611149415
SSP1,W. Europe,2060,"GDP
(tn US$)",36.241099294956086
SSP1,W. Europe,2060,"GDP/cap
(000 US$)",67.7364822874791
SSP1,W. Europe,2060,"Population
(bn)",0.5350307260000001
SSP1,W. Europe,2060,"Urban share
(%)",92.45673160102957
SSP1,W. Europe,2070,"GDP
(tn US$)",40.70735972470239
SSP1,W. Europe,2070,"GDP/cap
(000 US$)",76.90813427440862
SSP1,W. Europe,2070,"Population
(bn)",0.5292984949999999
SSP1,W. Europe,2070,"Urban share
(%)",94.51435357669021
SSP1,W. Europe,2080,"GDP
(tn US$)",44.285432323355174
SSP1,W. Europe,2080,"GDP/cap
(000 US$)",85.17955907219707
SSP1,W. Europe,2080,"Population
(bn)",0.519906804
SSP1,W. Europe,2080,"Urban share
(%)",96.0788946628654
SSP1,W. Europe,2090,"GDP
(tn US$)",46.54276126183807
SSP1,W. Europe,2090,"GDP/cap
(000 US$)",92.70742917988036
SSP1,W. Europe,2090,"Population
(bn)",0.5020391750000001
SSP1,W. Europe,2090,"Urban share
(%)",97.21456700460278
SSP1,W. Europe,2100,"GDP
(tn US$)",47.27224250417466
SSP1,W. Europe,2100,"GDP/cap
(000 US$)",99.68751503529288
SSP1,W. Europe,2100,"Population
(bn)",0.474204242
SSP1,W. Europe,2100,"Urban share
(%)",98.0155863448265
SSP2,China,2020,"GDP
(tn US$)",24.54866823412
SSP2,China,2020,"GDP/cap
(000 US$)",17.14891334383014
SSP2,China,2020,"Population
(bn)",1.4314999290000001
SSP2,China,2020,"Urban share
(%)",61.07822761156421
SSP2,China,2025,"GDP
(tn US$)",31.41083949137999
SSP2,China,2025,"GDP/cap
(000 US$)",21.905819319028158
SSP2,China,2025,"Population
(bn)",1.4339038880000001
SSP2,China,2025,"Urban share
(%)",62.974294957012475
SSP2,China,2030,"GDP
(tn US$)",37.61992735623432
SSP2,China,2030,"GDP/cap
(000 US$)",26.42152799372043
SSP2,China,2030,"Population
(bn)",1.423836175
SSP2,China,2030,"Urban share
(%)",64.7767828153404
SSP2,China,2035,"GDP
(tn US$)",43.452364912334716
SSP2,China,2035,"GDP/cap
(000 US$)",30.898710497487127
SSP2,China,2035,"Population
(bn)",1.406284088
SSP2,China,2035,"Urban share
(%)",66.48900552294167
SSP2,China,2040,"GDP
(tn US$)",47.93101023026145
SSP2,China,2040,"GDP/cap
(000 US$)",34.65806327454792
SSP2,China,2040,"Population
(bn)",1.382968513
SSP2,China,2040,"Urban share
(%)",68.11370088661592
SSP2,China,2045,"GDP
(tn US$)",52.381733358594325
SSP2,China,2045,"GDP/cap
(000 US$)",38.729990176367934
SSP2,China,2045,"Population
(bn)",1.3524850670000002
SSP2,China,2045,"Urban share
(%)",69.65075232190715
SSP2,China,2050,"GDP
(tn US$)",56.20409725036556
SSP2,China,2050,"GDP/cap
(000 US$)",42.80822650669782
SSP2,China,2050,"Population
(bn)",1.3129274869999998
SSP2,China,2050,"Urban share
(%)",71.10216115704188
SSP2,China,2055,"GDP
(tn US$)",59.7558254507198
SSP2,China,2055,"GDP/cap
(000 US$)",47.26278852011845
SSP2,China,2055,"Population
(bn)",1.264331355
SSP2,China,2055,"Urban share
(%)",72.47201380682678
SSP2,China,2060,"GDP
(tn US$)",63.059950056777936
SSP2,China,2060,"GDP/cap
(000 US$)",52.123992556454816
SSP2,China,2060,"Population
(bn)",1.209806597
SSP2,China,2060,"Urban share
(%)",73.76582649843579
SSP2,China,2070,"GDP
(tn US$)",68.80788940242144
SSP2,China,2070,"GDP/cap
(000 US$)",62.66975593358887
SSP2,China,2070,"Population
(bn)",1.0979441099999998
SSP2,China,2070,"Urban share
(%)",76.14210215328538
SSP2,China,2080,"GDP
(tn US$)",72.11486321166753
SSP2,China,2080,"GDP/cap
(000 US$)",72.65600777317844
SSP2,China,2080,"Population
(bn)",0.992551964
SSP2,China,2080,"Urban share
(%)",78.26227046782913
SSP2,China,2090,"GDP
(tn US$)",73.98742317939329
SSP2,China,2090,"GDP/cap
(000 US$)",82.85565648367533
SSP2,China,2090,"Population
(bn)",0.892967678000001
SSP2,China,2090,"Urban share
(%)",80.15485141236547
SSP2,China,2100,"GDP
(tn US$)",75.1066792739417
SSP2,China,2100,"GDP/cap
(000 US$)",93.24388069375165
SSP2,China,2100,"Population
(bn)",0.805486416000001
SSP2,China,2100,"Urban share
(%)",81.84986634286827
SSP2,World,2020,"GDP
(tn US$)",118.25988426426001
SSP2,World,2020,"GDP/cap
(000 US$)",15.157579679688807
SSP2,World,2020,"Population
(bn)",7.8020295299999995
SSP2,World,2020,"Urban share
(%)",55.89218504857415
SSP2,World,2025,"GDP
(tn US$)",142.50769031438
SSP2,World,2025,"GDP/cap
(000 US$)",17.488432626128933
SSP2,World,2025,"Population
(bn)",8.14868281
SSP2,World,2025,"Urban share
(%)",57.494803609862814
SSP2,World,2030,"GDP
(tn US$)",166.6810584664449
SSP2,World,2030,"GDP/cap
(000 US$)",19.62405769114543
SSP2,World,2030,"Population
(bn)",8.493710174
SSP2,World,2030,"Urban share
(%)",59.09042920668487
SSP2,World,2035,"GDP
(tn US$)",192.34841266885198
SSP2,World,2035,"GDP/cap
(000 US$)",21.823041068570323
SSP2,World,2035,"Population
(bn)",8.814005897
SSP2,World,2035,"Urban share
(%)",60.680657497092106
SSP2,World,2040,"GDP
(tn US$)",217.1591595487705
SSP2,World,2040,"GDP/cap
(000 US$)",23.843565648572476
SSP2,World,2040,"Population
(bn)",9.107662954
SSP2,World,2040,"Urban share
(%)",62.25781670638841
SSP2,World,2045,"GDP
(tn US$)",244.5828871184875
SSP2,World,2045,"GDP/cap
(000 US$)",26.10768564469336
SSP2,World,2045,"Population
(bn)",9.368233188
SSP2,World,2045,"Urban share
(%)",63.81075883628719
SSP2,World,2050,"GDP
(tn US$)",271.6229362709563
SSP2,World,2050,"GDP/cap
(000 US$)",28.321076044375566
SSP2,World,2050,"Population
(bn)",9.590840964000002
SSP2,World,2050,"Urban share
(%)",65.32975421244676
SSP2,World,2055,"GDP
(tn US$)",301.7558006764477
SSP2,World,2055,"GDP/cap
(000 US$)",30.881716138987102
SSP2,World,2055,"Population
(bn)",9.7713417
SSP2,World,2055,"Urban share
(%)",66.80077323557244
SSP2,World,2060,"GDP
(tn US$)",332.2132093749721
SSP2,World,2060,"GDP/cap
(000 US$)",33.51406924134154
SSP2,World,2060,"Population
(bn)",9.912649132
SSP2,World,2060,"Urban share
(%)",68.22251326864759
SSP2,World,2070,"GDP
(tn US$)",399.6772617495279
SSP2,World,2070,"GDP/cap
(000 US$)",39.626563393475145
SSP2,World,2070,"Population
(bn)",10.086094466
SSP2,World,2070,"Urban share
(%)",70.92895149489956
SSP2,World,2080,"GDP
(tn US$)",469.9513524292956
SSP2,World,2080,"GDP/cap
(000 US$)",46.39928872666022
SSP2,World,2080,"Population
(bn)",10.128417165999998
SSP2,World,2080,"Urban share
(%)",73.45364225742725
SSP2,World,2090,"GDP
(tn US$)",543.3895306468455
SSP2,World,2090,"GDP/cap
(000 US$)",54.057267347637165
SSP2,World,2090,"Population
(bn)",10.05210876
SSP2,World,2090,"Urban share
(%)",75.77669869125452
SSP2,World,2100,"GDP
(tn US$)",621.2021616047168
SSP2,World,2100,"GDP/cap
(000 US$)",62.839348788253574
SSP2,World,2100,"Population
(bn)",9.885560139999999
SSP2,World,2100,"Urban share
(%)",77.89641692125846
SSP2,Latin Am.,2020,"GDP
(tn US$)",8.013186228099999
SSP2,Latin Am.,2020,"GDP/cap
(000 US$)",12.409192452480543
SSP2,Latin Am.,2020,"Population
(bn)",0.645745987
SSP2,Latin Am.,2020,"Urban share
(%)",81.02245360496526
SSP2,Latin Am.,2025,"GDP
(tn US$)",9.58860962514
SSP2,Latin Am.,2025,"GDP/cap
(000 US$)",14.351569332997062
SSP2,Latin Am.,2025,"Population
(bn)",0.6681227260000001
SSP2,Latin Am.,2025,"Urban share
(%)",81.90240435744585
SSP2,Latin Am.,2030,"GDP
(tn US$)",10.85456199452898
SSP2,Latin Am.,2030,"GDP/cap
(000 US$)",15.717621884247201
SSP2,Latin Am.,2030,"Population
(bn)",0.6905982390000001
SSP2,Latin Am.,2030,"Urban share
(%)",82.77280830621984
SSP2,Latin Am.,2035,"GDP
(tn US$)",12.599934525690491
SSP2,Latin Am.,2035,"GDP/cap
(000 US$)",17.757628535323672
SSP2,Latin Am.,2035,"Population
(bn)",0.7095505179999999
SSP2,Latin Am.,2035,"Urban share
(%)",83.63624525357051
SSP2,Latin Am.,2040,"GDP
(tn US$)",14.48862161281509
SSP2,Latin Am.,2040,"GDP/cap
(000 US$)",19.999092836582037
SSP2,Latin Am.,2040,"Population
(bn)",0.724463941
SSP2,Latin Am.,2040,"Urban share
(%)",84.48973586410563
SSP2,Latin Am.,2045,"GDP
(tn US$)",16.79822549536387
SSP2,Latin Am.,2045,"GDP/cap
(000 US$)",22.851934162211208
SSP2,Latin Am.,2045,"Population
(bn)",0.735089878
SSP2,Latin Am.,2045,"Urban share
(%)",85.32809063360006
SSP2,Latin Am.,2050,"GDP
(tn US$)",19.259042097334767
SSP2,Latin Am.,2050,"GDP/cap
(000 US$)",25.964721468470906
SSP2,Latin Am.,2050,"Population
(bn)",0.7417388289999999
SSP2,Latin Am.,2050,"Urban share
(%)",86.14887714499844
SSP2,Latin Am.,2055,"GDP
(tn US$)",21.96719583554694
SSP2,Latin Am.,2055,"GDP/cap
(000 US$)",29.492459074280656
SSP2,Latin Am.,2055,"Population
(bn)",0.744841106
SSP2,Latin Am.,2055,"Urban share
(%)",86.94876862410035
SSP2,Latin Am.,2060,"GDP
(tn US$)",24.80612531784064
SSP2,Latin Am.,2060,"GDP/cap
(000 US$)",33.31112488907652
SSP2,Latin Am.,2060,"Population
(bn)",0.744679905
SSP2,Latin Am.,2060,"Urban share
(%)",87.72322484689309
SSP2,Latin Am.,2070,"GDP
(tn US$)",30.981277288253928
SSP2,Latin Am.,2070,"GDP/cap
(000 US$)",42.087035313628554
SSP2,Latin Am.,2070,"Population
(bn)",0.736124012
SSP2,Latin Am.,2070,"Urban share
(%)",89.17952720957973
SSP2,Latin Am.,2080,"GDP
(tn US$)",37.442362693172555
SSP2,Latin Am.,2080,"GDP/cap
(000 US$)",52.136979851527144
SSP2,Latin Am.,2080,"Population
(bn)",0.7181536559999999
SSP2,Latin Am.,2080,"Urban share
(%)",90.50642681066154
SSP2,Latin Am.,2090,"GDP
(tn US$)",43.833740251149955
SSP2,Latin Am.,2090,"GDP/cap
(000 US$)",63.1653223615879
SSP2,Latin Am.,2090,"Population
(bn)",0.6939526089999998
SSP2,Latin Am.,2090,"Urban share
(%)",91.69798263085282
SSP2,Latin Am.,2100,"GDP
(tn US$)",50.1014224873466
SSP2,Latin Am.,2100,"GDP/cap
(000 US$)",75.08534449115622
SSP2,Latin Am.,2100,"Population
(bn)",0.667259674
SSP2,Latin Am.,2100,"Urban share
(%)",92.7533705042469
SSP2,N. America,2020,"GDP
(tn US$)",19.967421148320003
SSP2,N. America,2020,"GDP/cap
(000 US$)",53.00675096253327
SSP2,N. America,2020,"Population
(bn)",0.376695813
SSP2,N. America,2020,"Urban share
(%)",82.69363959906822
SSP2,N. America,2025,"GDP
(tn US$)",22.7433588781
SSP2,N. America,2025,"GDP/cap
(000 US$)",59.22959031997456
SSP2,N. America,2025,"Population
(bn)",0.38398642899999996
SSP2,N. America,2025,"Urban share
(%)",83.71944530691214
SSP2,N. America,2030,"GDP
(tn US$)",24.88702930103318
SSP2,N. America,2030,"GDP/cap
(000 US$)",63.43450734349761
SSP2,N. America,2030,"Population
(bn)",0.392326359
SSP2,N. America,2030,"Urban share
(%)",84.73930759673478
SSP2,N. America,2035,"GDP
(tn US$)",26.92941999828547
SSP2,N. America,2035,"GDP/cap
(000 US$)",67.26371589355912
SSP2,N. America,2035,"Population
(bn)",0.4003558180000001
SSP2,N. America,2035,"Urban share
(%)",85.74648581986133
SSP2,N. America,2040,"GDP
(tn US$)",28.84053959837819
SSP2,N. America,2040,"GDP/cap
(000 US$)",70.68662719274305
SSP2,N. America,2040,"Population
(bn)",0.408005598
SSP2,N. America,2040,"Urban share
(%)",86.73711629756363
SSP2,N. America,2045,"GDP
(tn US$)",30.74892747695572
SSP2,N. America,2045,"GDP/cap
(000 US$)",74.08851265769943
SSP2,N. America,2045,"Population
(bn)",0.415029623
SSP2,N. America,2045,"Urban share
(%)",87.70317620595482
SSP2,N. America,2050,"GDP
(tn US$)",32.60448406020818
SSP2,N. America,2050,"GDP/cap
(000 US$)",77.31863518558723
SSP2,N. America,2050,"Population
(bn)",0.421689855
SSP2,N. America,2050,"Urban share
(%)",88.63951768493932
SSP2,N. America,2055,"GDP
(tn US$)",34.59940891090621
SSP2,N. America,2055,"GDP/cap
(000 US$)",80.95775301658355
SSP2,N. America,2055,"Population
(bn)",0.42737610199999987
SSP2,N. America,2055,"Urban share
(%)",89.54232603735997
SSP2,N. America,2060,"GDP
(tn US$)",36.5006251616424
SSP2,N. America,2060,"GDP/cap
(000 US$)",84.3242890405222
SSP2,N. America,2060,"Population
(bn)",0.432860159
SSP2,N. America,2060,"Urban share
(%)",90.40723203369242
SSP2,N. America,2070,"GDP
(tn US$)",40.59722339041899
SSP2,N. America,2070,"GDP/cap
(000 US$)",91.57757754271057
SSP2,N. America,2070,"Population
(bn)",0.443309645
SSP2,N. America,2070,"Urban share
(%)",92.00994173238666
SSP2,N. America,2080,"GDP
(tn US$)",44.50075158562983
SSP2,N. America,2080,"GDP/cap
(000 US$)",98.63703165912374
SSP2,N. America,2080,"Population
(bn)",0.451156638
SSP2,N. America,2080,"Urban share
(%)",93.42706804312829
SSP2,N. America,2090,"GDP
(tn US$)",48.19798356325939
SSP2,N. America,2090,"GDP/cap
(000 US$)",106.27665973235236
SSP2,N. America,2090,"Population
(bn)",0.453514287
SSP2,N. America,2090,"Urban share
(%)",94.65376252951872
SSP2,N. America,2100,"GDP
(tn US$)",51.70187581662514
SSP2,N. America,2100,"GDP/cap
(000 US$)",114.43514159099732
SSP2,N. America,2100,"Population
(bn)",0.451800689
SSP2,N. America,2100,"Urban share
(%)",95.69451629208783
SSP2,S. Asia,2020,"GDP
(tn US$)",10.85089264802
SSP2,S. Asia,2020,"GDP/cap
(000 US$)",5.797050173340033
SSP2,S. Asia,2020,"Population
(bn)",1.871795538
SSP2,S. Asia,2020,"Urban share
(%)",34.883209725334865
SSP2,S. Asia,2025,"GDP
(tn US$)",14.72547140144
SSP2,S. Asia,2025,"GDP/cap
(000 US$)",7.482172555005971
SSP2,S. Asia,2025,"Population
(bn)",1.968074285
SSP2,S. Asia,2025,"Urban share
(%)",37.930754775567834
SSP2,S. Asia,2030,"GDP
(tn US$)",19.25937576814371
SSP2,S. Asia,2030,"GDP/cap
(000 US$)",9.325940107612174
SSP2,S. Asia,2030,"Population
(bn)",2.065140409
SSP2,S. Asia,2030,"Urban share
(%)",40.935856365666126
SSP2,S. Asia,2035,"GDP
(tn US$)",24.586652421261512
SSP2,S. Asia,2035,"GDP/cap
(000 US$)",11.431944016227593
SSP2,S. Asia,2035,"Population
(bn)",2.150697413
SSP2,S. Asia,2035,"Urban share
(%)",43.86847844936847
SSP2,S. Asia,2040,"GDP
(tn US$)",30.097829593546912
SSP2,S. Asia,2040,"GDP/cap
(000 US$)",13.538200640567837
SSP2,S. Asia,2040,"Population
(bn)",2.2231779830000002
SSP2,S. Asia,2040,"Urban share
(%)",46.70236827836649
SSP2,S. Asia,2045,"GDP
(tn US$)",36.925343249259534
SSP2,S. Asia,2045,"GDP/cap
(000 US$)",16.186065696960952
SSP2,S. Asia,2045,"Population
(bn)",2.2813044220000003
SSP2,S. Asia,2045,"Urban share
(%)",49.418866967293326
SSP2,S. Asia,2050,"GDP
(tn US$)",43.42693877741797
SSP2,S. Asia,2050,"GDP/cap
(000 US$)",18.67413683135433
SSP2,S. Asia,2050,"Population
(bn)",2.3255125079999996
SSP2,S. Asia,2050,"Urban share
(%)",52.00759328973818
SSP2,S. Asia,2055,"GDP
(tn US$)",51.64599853112879
SSP2,S. Asia,2055,"GDP/cap
(000 US$)",21.896813434581283
SSP2,S. Asia,2055,"Population
(bn)",2.358607963
SSP2,S. Asia,2055,"Urban share
(%)",54.45997481376179
SSP2,S. Asia,2060,"GDP
(tn US$)",59.44448588407439
SSP2,S. Asia,2060,"GDP/cap
(000 US$)",24.96459278038395
SSP2,S. Asia,2060,"Population
(bn)",2.3811518339999997
SSP2,S. Asia,2060,"Urban share
(%)",56.77323652171271
SSP2,S. Asia,2070,"GDP
(tn US$)",77.85211099637965
SSP2,S. Asia,2070,"GDP/cap
(000 US$)",32.55635439594327
SSP2,S. Asia,2070,"Population
(bn)",2.391303094
SSP2,S. Asia,2070,"Urban share
(%)",60.98242252608779
SSP2,S. Asia,2080,"GDP
(tn US$)",96.97511713055401
SSP2,S. Asia,2080,"GDP/cap
(000 US$)",41.13628370385093
SSP2,S. Asia,2080,"Population
(bn)",2.357410743
SSP2,S. Asia,2080,"Urban share
(%)",64.66378734646922
SSP2,S. Asia,2090,"GDP
(tn US$)",116.1065025492138
SSP2,S. Asia,2090,"GDP/cap
(000 US$)",50.61986771428744
SSP2,S. Asia,2090,"Population
(bn)",2.29369431
SSP2,S. Asia,2090,"Urban share
(%)",67.87077440971242
SSP2,S. Asia,2100,"GDP
(tn US$)",135.447590069791
SSP2,S. Asia,2100,"GDP/cap
(000 US$)",61.12741838068449
SSP2,S. Asia,2100,"Population
(bn)",2.215823826
SSP2,S. Asia,2100,"Urban share
(%)",70.65739733140049
SSP2,Sub-Sahara,2020,"GDP
(tn US$)",3.7778508966200004
SSP2,Sub-Sahara,2020,"GDP/cap
(000 US$)",3.484128987294908
SSP2,Sub-Sahara,2020,"Population
(bn)",1.084302823
SSP2,Sub-Sahara,2020,"Urban share
(%)",41.849620064947494
SSP2,Sub-Sahara,2025,"GDP
(tn US$)",4.5780844881
SSP2,Sub-Sahara,2025,"GDP/cap
(000 US$)",3.724791062726496
SSP2,Sub-Sahara,2025,"Population
(bn)",1.22908491
SSP2,Sub-Sahara,2025,"Urban share
(%)",43.94535885287779
SSP2,Sub-Sahara,2030,"GDP
(tn US$)",5.743881135182241
SSP2,Sub-Sahara,2030,"GDP/cap
(000 US$)",4.149738682449849
SSP2,Sub-Sahara,2030,"Population
(bn)",1.384154901
SSP2,Sub-Sahara,2030,"Urban share
(%)",46.05993810931136
SSP2,Sub-Sahara,2035,"GDP
(tn US$)",7.269016685404732
SSP2,Sub-Sahara,2035,"GDP/cap
(000 US$)",4.701579306282286
SSP2,Sub-Sahara,2035,"Population
(bn)",1.5460797769999999
SSP2,Sub-Sahara,2035,"Urban share
(%)",48.17895200435637
SSP2,Sub-Sahara,2040,"GDP
(tn US$)",9.313086709706123
SSP2,Sub-Sahara,2040,"GDP/cap
(000 US$)",5.438543960682408
SSP2,Sub-Sahara,2040,"Population
(bn)",1.712422806
SSP2,Sub-Sahara,2040,"Urban share
(%)",50.29320016606109
SSP2,Sub-Sahara,2045,"GDP
(tn US$)",11.72556583099003
SSP2,Sub-Sahara,2045,"GDP/cap
(000 US$)",6.236001526770756
SSP2,Sub-Sahara,2045,"Population
(bn)",1.88030195
SSP2,Sub-Sahara,2045,"Urban share
(%)",52.3867243476448
SSP2,Sub-Sahara,2050,"GDP
(tn US$)",14.852720128297069
SSP2,Sub-Sahara,2050,"GDP/cap
(000 US$)",7.256887956792483
SSP2,Sub-Sahara,2050,"Population
(bn)",2.0467065520000003
SSP2,Sub-Sahara,2050,"Urban share
(%)",54.44255466159176
SSP2,Sub-Sahara,2055,"GDP
(tn US$)",18.656787453242742
SSP2,Sub-Sahara,2055,"GDP/cap
(000 US$)",8.452030250851184
SSP2,Sub-Sahara,2055,"Population
(bn)",2.207373483
SSP2,Sub-Sahara,2055,"Urban share
(%)",56.45234607582672
SSP2,Sub-Sahara,2060,"GDP
(tn US$)",23.23947057794829
SSP2,Sub-Sahara,2060,"GDP/cap
(000 US$)",9.845207681805553
SSP2,Sub-Sahara,2060,"Population
(bn)",2.360485561
SSP2,Sub-Sahara,2060,"Urban share
(%)",58.40901199921511
SSP2,Sub-Sahara,2070,"GDP
(tn US$)",35.427071758218
SSP2,Sub-Sahara,2070,"GDP/cap
(000 US$)",13.447418570905201
SSP2,Sub-Sahara,2070,"Population
(bn)",2.6344886620000003
SSP2,Sub-Sahara,2070,"Urban share
(%)",62.15552348576172
SSP2,Sub-Sahara,2080,"GDP
(tn US$)",51.902911754387134
SSP2,Sub-Sahara,2080,"GDP/cap
(000 US$)",18.181856865004157
SSP2,Sub-Sahara,2080,"Population
(bn)",2.8546540730000003
SSP2,Sub-Sahara,2080,"Urban share
(%)",65.64910292797147
SSP2,Sub-Sahara,2090,"GDP
(tn US$)",73.24186814516993
SSP2,Sub-Sahara,2090,"GDP/cap
(000 US$)",24.317505057940238
SSP2,Sub-Sahara,2090,"Population
(bn)",3.011898958
SSP2,Sub-Sahara,2090,"Urban share
(%)",68.8544858772935
SSP2,Sub-Sahara,2100,"GDP
(tn US$)",99.75669607731152
SSP2,Sub-Sahara,2100,"GDP/cap
(000 US$)",32.12552090561511
SSP2,Sub-Sahara,2100,"Population
(bn)",3.105216453
SSP2,Sub-Sahara,2100,"Urban share
(%)",71.769118633309
SSP2,W. Europe,2020,"GDP
(tn US$)",17.22165493292
SSP2,W. Europe,2020,"GDP/cap
(000 US$)",33.93863382827778
SSP2,W. Europe,2020,"Population
(bn)",0.5074351260000001
SSP2,W. Europe,2020,"Urban share
(%)",78.86846633198981
SSP2,W. Europe,2025,"GDP
(tn US$)",19.826374829600002
SSP2,W. Europe,2025,"GDP/cap
(000 US$)",38.62120884046251
SSP2,W. Europe,2025,"Population
(bn)",0.5133545899999999
SSP2,W. Europe,2025,"Urban share
(%)",80.09303009470901
SSP2,W. Europe,2030,"GDP
(tn US$)",21.52947855513738
SSP2,W. Europe,2030,"GDP/cap
(000 US$)",41.61043961896488
SSP2,W. Europe,2030,"Population
(bn)",0.517405698
SSP2,W. Europe,2030,"Urban share
(%)",81.26894149024429
SSP2,W. Europe,2035,"GDP
(tn US$)",23.47568449330363
SSP2,W. Europe,2035,"GDP/cap
(000 US$)",45.048268658328176
SSP2,W. Europe,2035,"Population
(bn)",0.5211229020000001
SSP2,W. Europe,2035,"Urban share
(%)",82.3937219150541
SSP2,W. Europe,2040,"GDP
(tn US$)",25.33366129149331
SSP2,W. Europe,2040,"GDP/cap
(000 US$)",48.277873170325435
SSP2,W. Europe,2040,"Population
(bn)",0.524746838
SSP2,W. Europe,2040,"Urban share
(%)",83.46896613353198
SSP2,W. Europe,2045,"GDP
(tn US$)",27.323083679253102
SSP2,W. Europe,2045,"GDP/cap
(000 US$)",51.73735286195664
SSP2,W. Europe,2045,"Population
(bn)",0.5281113579999999
SSP2,W. Europe,2045,"Urban share
(%)",84.49752221358776
SSP2,W. Europe,2050,"GDP
(tn US$)",29.35264638419345
SSP2,W. Europe,2050,"GDP/cap
(000 US$)",55.272512775161836
SSP2,W. Europe,2050,"Population
(bn)",0.5310532290000001
SSP2,W. Europe,2050,"Urban share
(%)",85.48266700089117
SSP2,W. Europe,2055,"GDP
(tn US$)",31.360297230381182
SSP2,W. Europe,2055,"GDP/cap
(000 US$)",58.90673625726794
SSP2,W. Europe,2055,"Population
(bn)",0.5323720039999998
SSP2,W. Europe,2055,"Urban share
(%)",86.42304139028882
SSP2,W. Europe,2060,"GDP
(tn US$)",33.33992896883767
SSP2,W. Europe,2060,"GDP/cap
(000 US$)",62.63373894565254
SSP2,W. Europe,2060,"Population
(bn)",0.5322998360000002
SSP2,W. Europe,2060,"Urban share
(%)",87.32030511802
SSP2,W. Europe,2070,"GDP
(tn US$)",37.1624932990646
SSP2,W. Europe,2070,"GDP/cap
(000 US$)",70.17362179655042
SSP2,W. Europe,2070,"Population
(bn)",0.5295792399999999
SSP2,W. Europe,2070,"Urban share
(%)",88.98468170618999
SSP2,W. Europe,2080,"GDP
(tn US$)",40.49274234199774
SSP2,W. Europe,2080,"GDP/cap
(000 US$)",76.98106940512507
SSP2,W. Europe,2080,"Population
(bn)",0.5260090909999999
SSP2,W. Europe,2080,"Urban share
(%)",90.46597244529183
SSP2,W. Europe,2090,"GDP
(tn US$)",43.30030824871126
SSP2,W. Europe,2090,"GDP/cap
(000 US$)",83.26969592839154
SSP2,W. Europe,2090,"Population
(bn)",0.520000797
SSP2,W. Europe,2090,"Urban share
(%)",91.76487017274899
SSP2,W. Europe,2100,"GDP
(tn US$)",45.58030009909633
SSP2,W. Europe,2100,"GDP/cap
(000 US$)",89.24190897190667
SSP2,W. Europe,2100,"Population
(bn)",0.5107499449999999
SSP2,W. Europe,2100,"Urban share
(%)",92.90022016057975
