lab,grp,metric,year,v,pct
CAPC 1990,Higher resp.,Gross CO₂,2030,24105.050991596847,-19.287182404139802
CAPC 1990,Higher resp.,Net CO₂,2030,23204.662775428813,-21.061755020080085
CAPC 1990,Lower resp.,Gross CO₂,2030,12700.498382671049,-0.9519820611783247
CAPC 1990,Lower resp.,Net CO₂,2030,11782.893378679706,-4.600527624420936
CAPC 1990,World,Gross CO₂,2030,37478.07637548709,-13.517446928963206
CAPC 1990,World,Net CO₂,2030,35767.44530217173,-15.633468100212555
CAPC 2015,Higher resp.,Gross CO₂,2030,23154.522439650875,-22.469911105257978
CAPC 2015,Higher resp.,Net CO₂,2030,22249.640881862488,-24.310574144284423
CAPC 2015,Lower resp.,Gross CO₂,2030,12543.301702539582,-2.1779197468071776
CAPC 2015,Lower resp.,Net CO₂,2030,11605.368507351546,-6.037846839147354
CAPC 2015,World,Gross CO₂,2030,36375.83487362642,-16.060924833931466
CAPC 2015,World,Net CO₂,2030,34635.43928735184,-18.3035895123855
CAPC 2025,Higher resp.,Gross CO₂,2030,24020.3762309924,-19.570705492724947
CAPC 2025,Higher resp.,Net CO₂,2030,23128.0945444212,-21.322226884526142
CAPC 2025,Lower resp.,Gross CO₂,2030,12469.148405876093,-2.7562228052264826
CAPC 2025,Lower resp.,Net CO₂,2030,11543.147957623743,-6.541611697589622
CAPC 2025,World,Gross CO₂,2030,37167.20417851891,-14.23480021580893
CAPC 2025,World,Net CO₂,2030,35452.75216134508,-16.375751164599695
ECPC 1990,Higher resp.,Gross CO₂,2030,23392.94618504795,-21.671578329298935
ECPC 1990,Higher resp.,Net CO₂,2030,22495.169532458152,-23.47532818712995
ECPC 1990,Lower resp.,Gross CO₂,2030,13291.716959832285,3.6587841050006675
ECPC 1990,Lower resp.,Net CO₂,2030,12374.592701534526,0.19012959288660092
ECPC 1990,World,Gross CO₂,2030,37357.55596314996,-13.795553864112808
ECPC 1990,World,Net CO₂,2030,35649.61661896895,-15.911396738284278
ECPC 2015,Higher resp.,Gross CO₂,2030,24780.279655463048,-17.026261736470282
ECPC 2015,Higher resp.,Net CO₂,2030,23910.790278607485,-18.659631517039987
ECPC 2015,Lower resp.,Gross CO₂,2030,12861.438045322964,0.3031462112023098
ECPC 2015,Lower resp.,Net CO₂,2030,11933.998834981223,-3.377111580419434
ECPC 2015,World,Gross CO₂,2030,38314.99072127218,-11.58622482993864
ECPC 2015,World,Net CO₂,2030,36624.09893924103,-13.612834650205219
ECPC 2015*,Higher resp.,Gross CO₂,2030,24061.59386951286,-19.432693266955592
ECPC 2015*,Higher resp.,Net CO₂,2030,23174.983801356044,-21.162717751095926
ECPC 2015*,Lower resp.,Gross CO₂,2030,13012.397489975174,1.4804412536037814
ECPC 2015*,Lower resp.,Net CO₂,2030,12095.878869231823,-2.066459827973688
ECPC 2015*,World,Gross CO₂,2030,37751.35786136828,-12.886836105470955
ECPC 2015*,World,Net CO₂,2030,36052.90501239481,-14.960139447713638
ECPC 2025,Higher resp.,Gross CO₂,2030,24439.435148533437,-18.167537916551822
ECPC 2025,Higher resp.,Net CO₂,2030,23555.720829062528,-19.867516305727563
ECPC 2025,Lower resp.,Gross CO₂,2030,12872.250415713246,0.38746919004217784
ECPC 2025,Lower resp.,Net CO₂,2030,11955.779860981453,-3.200762841494198
ECPC 2025,World,Gross CO₂,2030,37990.76225106962,-12.334398391476453
ECPC 2025,World,Net CO₂,2030,36294.54257066471,-14.390176382257403
Source,Higher resp.,Gross CO₂,2030,25523.622434991838,-14.537269276084185
Source,Higher resp.,Net CO₂,2030,24654.252255449992,-16.130502598890274
Source,Lower resp.,Gross CO₂,2030,12347.572642152427,-3.7043618516955368
Source,Lower resp.,Net CO₂,2030,11424.021762327973,-7.506109619457435
Source,World,Gross CO₂,2030,38535.62134269286,-11.077108533922198
Source,World,Net CO₂,2030,36853.15215151342,-13.072554935602431
CAPC 1990,Higher resp.,Gross CO₂,2035,17786.664852797203,-40.44352627990787
CAPC 1990,Higher resp.,Net CO₂,2035,16514.415722121856,-43.82081710950416
CAPC 1990,Lower resp.,Gross CO₂,2035,12020.914102161696,-6.25189029932065
CAPC 1990,Lower resp.,Net CO₂,2035,10711.392908599686,-13.275865354352334
CAPC 1990,World,Gross CO₂,2035,30483.52203153183,-29.65773415178895
CAPC 1990,World,Net CO₂,2035,27987.61582038317,-33.98415617997789
CAPC 2015,Higher resp.,Gross CO₂,2035,15840.752986928326,-46.959174371349235
CAPC 2015,Higher resp.,Net CO₂,2035,14550.203063293493,-50.50272848032725
CAPC 2015,Lower resp.,Gross CO₂,2035,12328.082630199351,-3.8563595918936766
CAPC 2015,Lower resp.,Net CO₂,2035,10974.379852319407,-11.146607720745639
CAPC 2015,World,Gross CO₂,2035,28851.36860544005,-33.42401057104454
CAPC 2015,World,Net CO₂,2035,26285.33604372757,-37.999411948632336
CAPC 2025,Higher resp.,Gross CO₂,2035,17560.117253550085,-41.2020932317549
CAPC 2025,Higher resp.,Net CO₂,2035,16302.964921194993,-44.54013612251045
CAPC 2025,Lower resp.,Gross CO₂,2035,11259.054338061744,-12.193444505130358
CAPC 2025,Lower resp.,Net CO₂,2035,9926.137376857418,-19.633638526073195
CAPC 2025,World,Gross CO₂,2035,29501.3941931713,-31.92404371508103
CAPC 2025,World,Net CO₂,2035,26992.94852054616,-36.330329628274995
ECPC 1990,Higher resp.,Gross CO₂,2035,16546.20143990015,-44.59706643273314
ECPC 1990,Higher resp.,Net CO₂,2035,15276.345993511204,-48.03251596008074
ECPC 1990,Lower resp.,Gross CO₂,2035,12651.310402221217,-1.3355868476343291
ECPC 1990,Lower resp.,Net CO₂,2035,11348.699293499296,-8.115953361002603
ECPC 1990,World,Gross CO₂,2035,29882.12138290209,-31.045496506264957
ECPC 1990,World,Net CO₂,2035,27391.74253617424,-35.38967346016763
ECPC 2015,Higher resp.,Gross CO₂,2035,19484.057779265215,-34.76001348790941
ECPC 2015,Higher resp.,Net CO₂,2035,18246.91907594485,-37.927140674894346
ECPC 2015,Lower resp.,Gross CO₂,2035,11674.500138750975,-8.95348636495058
ECPC 2015,Lower resp.,Net CO₂,2035,10353.1126605641,-16.176659372146997
ECPC 2015,World,Gross CO₂,2035,31829.57204282071,-26.551655804243367
ECPC 2015,World,Net CO₂,2035,29357.78360665782,-30.752270221329812
ECPC 2015*,Higher resp.,Gross CO₂,2035,17770.91594496161,-40.49625957327081
ECPC 2015*,Higher resp.,Net CO₂,2035,16517.302482515635,-43.810996850473984
ECPC 2015*,Lower resp.,Gross CO₂,2035,12109.878639252382,-5.558078072416217
ECPC 2015*,Lower resp.,Net CO₂,2035,10802.262538948104,-12.540144974679823
ECPC 2015*,World,Gross CO₂,2035,30564.37508441179,-29.471161650932963
ECPC 2015*,World,Net CO₂,2035,28087.69252089292,-33.74810006597109
ECPC 2025,Higher resp.,Gross CO₂,2035,18508.593780166175,-38.02623548669529
ECPC 2025,Higher resp.,Net CO₂,2035,17278.29123630864,-41.22224487182059
ECPC 2025,Lower resp.,Gross CO₂,2035,11767.950142889576,-8.224693099724679
ECPC 2025,Lower resp.,Net CO₂,2035,10457.407839963445,-15.332239859362717
ECPC 2025,World,Gross CO₂,2035,30959.54042185678,-28.55929768745129
ECPC 2025,World,Net CO₂,2035,28501.66531197957,-32.771640931420166
Source,Higher resp.,Gross CO₂,2035,20694.88083278814,-30.705720456381403
Source,Higher resp.,Net CO₂,2035,19471.32778213078,-33.76191425726262
Source,Lower resp.,Gross CO₂,2035,10873.299291563555,-15.201851861622451
Source,Lower resp.,Net CO₂,2035,9541.839091289865,-22.745085986365165
Source,World,Gross CO₂,2035,32226.10529169823,-25.6366353160811
Source,World,Net CO₂,2035,29763.04827547979,-29.79635138728468
CAPC 1990,Higher resp.,Gross CO₂,2040,12953.459298991607,-56.6269244566469
CAPC 1990,Higher resp.,Net CO₂,2040,11251.223736377588,-61.725284947190914
CAPC 1990,Lower resp.,Gross CO₂,2040,12215.914806623092,-4.731128460562539
CAPC 1990,Lower resp.,Net CO₂,2040,10435.855790480935,-15.506734703979074
CAPC 1990,World,Gross CO₂,2040,25823.11698663197,-40.41185404284331
CAPC 1990,World,Net CO₂,2040,22405.41721832072,-47.151178103214185
CAPC 2015,Higher resp.,Gross CO₂,2040,11155.196246027668,-62.648188540836166
CAPC 2015,Higher resp.,Net CO₂,2040,9408.806588349935,-67.99286907861016
CAPC 2015,Lower resp.,Gross CO₂,2040,12444.523633250068,-2.9482652627200956
CAPC 2015,Lower resp.,Net CO₂,2040,10620.017306533748,-14.015682302952115
CAPC 2015,World,Gross CO₂,2040,24260.27668607548,-44.018186926108186
CAPC 2015,World,Net CO₂,2040,20747.73002847306,-51.0612510200982
CAPC 2025,Higher resp.,Gross CO₂,2040,12829.345669874847,-57.042503776995716
CAPC 2025,Higher resp.,Net CO₂,2040,11140.351287713318,-62.10245382048526
CAPC 2025,Lower resp.,Gross CO₂,2040,11137.541929196495,-13.141089462866518
CAPC 2025,Lower resp.,Net CO₂,2040,9334.17599590076,-24.426417480703112
CAPC 2025,World,Gross CO₂,2040,24627.33588226937,-43.17117930231742
CAPC 2025,World,Net CO₂,2040,21194.71172975722,-50.00693205374692
ECPC 1990,Higher resp.,Gross CO₂,2040,11885.251051881361,-60.20368923650399
ECPC 1990,Higher resp.,Net CO₂,2040,10173.144091346046,-65.39272523498852
ECPC 1990,Lower resp.,Gross CO₂,2040,12965.221157235967,1.1125248057093806
ECPC 1990,Lower resp.,Net CO₂,2040,11214.757615427552,-9.20040392899848
ECPC 1990,World,Gross CO₂,2040,25514.51345902837,-41.123972260611374
ECPC 1990,World,Net CO₂,2040,22111.37377428773,-47.844753654706714
ECPC 2015,Higher resp.,Gross CO₂,2040,14902.93668920532,-50.099337642645736
ECPC 2015,Higher resp.,Net CO₂,2040,13250.23039962939,-54.92501039774329
ECPC 2015,Lower resp.,Gross CO₂,2040,11636.873760609655,-9.246925099780023
ECPC 2015,Lower resp.,Net CO₂,2040,9851.18312913837,-20.240500988025367
ECPC 2015,World,Gross CO₂,2040,27187.25379516966,-37.26403949765288
ECPC 2015,World,Net CO₂,2040,23812.93609493522,-43.8311901868214
ECPC 2015*,Higher resp.,Gross CO₂,2040,12944.766205629889,-56.65603221746818
ECPC 2015*,Higher resp.,Net CO₂,2040,11269.028008429865,-61.664717896398
ECPC 2015*,Lower resp.,Gross CO₂,2040,12292.41501232013,-4.1345224441764135
ECPC 2015*,Lower resp.,Net CO₂,2040,10532.99861475619,-14.72022379506246
ECPC 2015*,World,Gross CO₂,2040,25899.60057472207,-40.235364302553656
ECPC 2015*,World,Net CO₂,2040,22525.43785621355,-46.8680791877095
ECPC 2025,Higher resp.,Gross CO₂,2040,13662.082733463003,-54.254185480463846
ECPC 2025,Higher resp.,Net CO₂,2040,12021.411503485355,-59.105239518008126
ECPC 2025,Lower resp.,Gross CO₂,2040,11866.402167865364,-7.456890322062004
ECPC 2025,Lower resp.,Net CO₂,2040,10094.364299212175,-18.271599584003972
ECPC 2025,World,Gross CO₂,2040,26189.54352088661,-39.56630631841313
ECPC 2025,World,Net CO₂,2040,22838.38124575964,-46.129923352594126
Source,Higher resp.,Gross CO₂,2040,16592.129567862095,-44.443281708693185
Source,Higher resp.,Net CO₂,2040,14941.802122431816,-49.170576284739234
Source,Lower resp.,Gross CO₂,2040,10273.935253109124,-19.876142448023348
Source,Lower resp.,Net CO₂,2040,8470.326897322984,-31.420518638026284
Source,World,Gross CO₂,2040,27497.05145631775,-36.549165756452915
Source,World,Net CO₂,2040,24113.37291839387,-43.122534239043766
CAPC 1990,Higher resp.,Gross CO₂,2045,9398.531549108699,-68.53016561314915
CAPC 1990,Higher resp.,Net CO₂,2045,7158.421072227991,-75.64829096041402
CAPC 1990,Lower resp.,Gross CO₂,2045,11951.491096237165,-6.793303000538897
CAPC 1990,Lower resp.,Net CO₂,2045,9573.237832268587,-22.49086800896688
CAPC 1990,World,Gross CO₂,2045,21990.23654375778,-49.25641914257751
CAPC 1990,World,Net CO₂,2045,17418.22254125755,-58.914733349005054
CAPC 2015,Higher resp.,Gross CO₂,2045,8033.270291865245,-73.10157609740823
CAPC 2015,Higher resp.,Net CO₂,2045,5722.41007329727,-80.5333517399865
CAPC 2015,Lower resp.,Gross CO₂,2045,12209.306894502828,-4.782661918424247
CAPC 2015,Lower resp.,Net CO₂,2045,9777.031566029245,-20.840864563345065
CAPC 2015,World,Gross CO₂,2045,20875.34899695906,-51.82907843459288
CAPC 2015,World,Net CO₂,2045,16184.4709008592,-61.82484745547055
CAPC 2025,Higher resp.,Gross CO₂,2045,9398.060540050501,-68.53174272942297
CAPC 2025,Higher resp.,Net CO₂,2045,7189.022769102912,-75.54418928619052
CAPC 2025,Lower resp.,Gross CO₂,2045,10864.19296469169,-15.27286983274333
CAPC 2025,Lower resp.,Net CO₂,2045,8453.15015393248,-31.55958908565928
CAPC 2025,World,Gross CO₂,2045,20900.04310765629,-51.772095527638974
CAPC 2025,World,Net CO₂,2045,16327.09660792918,-61.4884287886188
ECPC 1990,Higher resp.,Gross CO₂,2045,8542.162934222486,-71.39761127141495
ECPC 1990,Higher resp.,Net CO₂,2045,6269.531562305926,-78.67213916598278
ECPC 1990,Lower resp.,Gross CO₂,2045,12862.689267846496,0.31290418346623383
ECPC 1990,Lower resp.,Net CO₂,2045,10538.206363182418,-14.678059579859948
ECPC 1990,World,Gross CO₂,2045,22043.39728374661,-49.13374805158238
ECPC 1990,World,Net CO₂,2045,17497.52108883458,-58.72768774406334
ECPC 2015,Higher resp.,Gross CO₂,2045,11087.050177663106,-62.876367323270664
ECPC 2015,Higher resp.,Net CO₂,2045,8952.219897735939,-69.54609794416484
ECPC 2015,Lower resp.,Gross CO₂,2045,11188.959030399841,-12.740100319849901
ECPC 2015,Lower resp.,Net CO₂,2045,8800.463433745937,-28.74758845233535
ECPC 2015,World,Gross CO₂,2045,22910.42910026227,-47.133028368564275
ECPC 2015,World,Net CO₂,2045,18433.38768552498,-56.520210569873555
ECPC 2015*,Higher resp.,Gross CO₂,2045,9509.03151999788,-68.16016996377941
ECPC 2015*,Higher resp.,Net CO₂,2045,7314.879586553577,-75.11604618476035
ECPC 2015*,Lower resp.,Gross CO₂,2045,12114.016236811094,-5.525809981442853
ECPC 2015*,Lower resp.,Net CO₂,2045,9770.844943376182,-20.89095417358944
ECPC 2015*,World,Gross CO₂,2045,22265.49764251254,-48.62124026245173
ECPC 2015*,World,Net CO₂,2045,17772.14617707956,-58.07991527744842
ECPC 2025,Higher resp.,Gross CO₂,2045,10181.14566661585,-65.909677876520007
ECPC 2025,Higher resp.,Net CO₂,2045,8061.338544651442,-72.5767220552936
ECPC 2025,Lower resp.,Gross CO₂,2045,11551.985396118165,-9.908948273644015
ECPC 2025,Lower resp.,Net CO₂,2045,9180.372012578435,-25.671681982948503
ECPC 2025,World,Gross CO₂,2045,22377.35537320627,-48.36312290247289
ECPC 2025,World,Net CO₂,2045,17930.46093429049,-57.70649003274323
Source,Higher resp.,Gross CO₂,2045,13009.027332274041,-56.44086168764262
Source,Higher resp.,Net CO₂,2045,10880.314001584733,-62.987055643618305
Source,Lower resp.,Gross CO₂,2045,9565.754824149535,-25.399064912799872
Source,Lower resp.,Net CO₂,2045,7145.524970296317,-42.146696052919964
Source,World,Gross CO₂,2045,23195.30191668369,-46.475669964738216
Source,World,Net CO₂,2045,18700.13414996902,-55.891021822632844
CAPC 1990,Higher resp.,Gross CO₂,2050,7060.127092483013,-76.36002718194528
CAPC 1990,Higher resp.,Net CO₂,2050,4171.211829147608,-85.81025958364486
CAPC 1990,Lower resp.,Gross CO₂,2050,10956.285900992958,-14.55466000097385
CAPC 1990,Lower resp.,Net CO₂,2050,7897.653762170505,-36.05713149544798
CAPC 1990,World,Gross CO₂,2050,18634.11051873587,-57.000849357301206
CAPC 1990,World,Net CO₂,2050,12724.71319575482,-69.98555774180181
CAPC 2015,Higher resp.,Gross CO₂,2050,5589.253373064646,-81.28506808990042
CAPC 2015,Higher resp.,Net CO₂,2050,2572.8259387702124,-91.24769162944311
CAPC 2015,Lower resp.,Gross CO₂,2050,11441.687624590766,-10.769133072987314
CAPC 2015,Lower resp.,Net CO₂,2050,8302.634963468434,-32.77822607856983
CAPC 2015,World,Gross CO₂,2050,17666.1679542291,-59.23442568512534
CAPC 2015,World,Net CO₂,2050,11531.63910463421,-72.79972359896537
CAPC 2025,Higher resp.,Gross CO₂,2050,6897.181166607144,-76.90563170266554
CAPC 2025,Higher resp.,Net CO₂,2050,4042.9594948179,-86.24655181872467
CAPC 2025,Lower resp.,Gross CO₂,2050,10183.463377153581,-20.581710034633193
CAPC 2025,Lower resp.,Net CO₂,2050,7053.160239771578,-42.89452141932075
CAPC 2025,World,Gross CO₂,2050,17714.3741129403,-59.123187540527844
CAPC 2025,World,Net CO₂,2050,11753.73675870119,-72.27585032094929
ECPC 1990,Higher resp.,Gross CO₂,2050,6212.889333066386,-79.19689928646638
ECPC 1990,Higher resp.,Net CO₂,2050,3281.9191283238342,-88.83547937485058
ECPC 1990,Lower resp.,Gross CO₂,2050,11898.796865843206,-7.204252155451951
ECPC 1990,Lower resp.,Net CO₂,2050,8906.345745901217,-27.890318816695835
ECPC 1990,World,Gross CO₂,2050,18730.93337123204,-56.77742573770035
ECPC 1990,World,Net CO₂,2050,12848.10894994077,-69.69449776410765
ECPC 2015,Higher resp.,Gross CO₂,2050,8329.989549963851,-72.10804792090943
ECPC 2015,Higher resp.,Net CO₂,2050,5607.752446575923,-80.9233971336446
ECPC 2015,Lower resp.,Gross CO₂,2050,10006.73943167559,-21.95993599038045
ECPC 2015,Lower resp.,Net CO₂,2050,6907.455397309137,-44.074211725153035
ECPC 2015,World,Gross CO₂,2050,18957.57285608686,-56.254443685991596
ECPC 2015,World,Net CO₂,2050,13166.96594191273,-68.94239320764835
ECPC 2015*,Higher resp.,Gross CO₂,2050,7139.923017192472,-76.09284027915828
ECPC 2015*,Higher resp.,Net CO₂,2050,4335.0418709502355,-85.25293814786083
ECPC 2015*,Lower resp.,Gross CO₂,2050,10879.692433570006,-15.151993342290304
ECPC 2015*,Lower resp.,Net CO₂,2050,7851.059876882921,-36.43437602525139
ECPC 2015*,World,Gross CO₂,2050,18643.10221196383,-56.9801005712911
ECPC 2015*,World,Net CO₂,2050,12842.35128542562,-69.70807866659823
ECPC 2025,Higher resp.,Gross CO₂,2050,7718.215175353677,-74.15649965515159
ECPC 2025,Higher resp.,Net CO₂,2050,5035.705429734891,-82.86940203759198
ECPC 2025,Lower resp.,Gross CO₂,2050,10504.195311222196,-18.080401707825622
ECPC 2025,Lower resp.,Net CO₂,2050,7437.137451605087,-39.78567351279176
ECPC 2025,World,Gross CO₂,2050,18842.91003471606,-56.51903393430436
ECPC 2025,World,Net CO₂,2050,13128.17056932318,-69.03390186898797
Source,Higher resp.,Gross CO₂,2050,9941.76231183649,-66.71122378723086
Source,Higher resp.,Net CO₂,2050,7236.620861148613,-75.38226881844476
Source,Lower resp.,Gross CO₂,2050,8339.48744277296,-34.96241824971315
Source,Lower resp.,Net CO₂,2050,5189.62332583989,-57.982533559291305
Source,World,Gross CO₂,2050,18899.18169252528,-56.389184243404436
Source,World,Net CO₂,2050,13081.45309133594,-69.14409681200362
CAPC 1990,Higher resp.,Gross CO₂,2055,5180.681070099033,-82.65312251863737
CAPC 1990,Higher resp.,Net CO₂,2055,1703.6802219457272,-94.20437486944212
CAPC 1990,Lower resp.,Gross CO₂,2055,9943.16121813799,-22.455766614128482
CAPC 1990,Lower resp.,Net CO₂,2055,6309.12351098162,-48.91856908515538
CAPC 1990,World,Gross CO₂,2055,15716.79782728478,-63.73269565420041
CAPC 1990,World,Net CO₂,2055,8629.11294099841,-79.64606289173781
CAPC 2015,Higher resp.,Gross CO₂,2055,3859.605919459525,-87.07658122449787
CAPC 2015,Higher resp.,Net CO₂,2055,241.45396844748333,-99.17861540600092
CAPC 2015,Lower resp.,Gross CO₂,2055,10643.698349741298,-16.992452318326613
CAPC 2015,Lower resp.,Net CO₂,2055,6972.893031930143,-43.54439993650988
CAPC 2015,World,Gross CO₂,2055,15124.36598574214,-65.0997620335916
CAPC 2015,World,Net CO₂,2055,7833.043121227576,-81.52379414362781
CAPC 2025,Higher resp.,Gross CO₂,2055,5057.957877592337,-83.06404613190945
CAPC 2025,Higher resp.,Net CO₂,2055,1645.7948748898032,-94.40129079754114
CAPC 2025,Lower resp.,Gross CO₂,2055,9648.749214243584,-24.751812372689074
CAPC 2025,Lower resp.,Net CO₂,2055,5951.163196811293,-51.816772778064646
CAPC 2025,World,Gross CO₂,2055,15314.16205164328,-64.66179803091656
CAPC 2025,World,Net CO₂,2055,8227.026078329953,-80.59448606927306
ECPC 1990,Higher resp.,Gross CO₂,2055,4542.588821800567,-84.78969643686723
ECPC 1990,Higher resp.,Net CO₂,2055,1041.9915351844297,-96.45532521340976
ECPC 1990,Lower resp.,Gross CO₂,2055,10502.147264562076,-18.096373912712316
ECPC 1990,Lower resp.,Net CO₂,2055,6980.293293989203,-43.48448416937302
ECPC 1990,World,Gross CO₂,2055,15640.88746051779,-63.907862657351664
ECPC 1990,World,Net CO₂,2055,8641.179097618424,-79.6176018210969
ECPC 2015,Higher resp.,Gross CO₂,2055,6312.819073294823,-78.86229676277658
ECPC 2015,Higher resp.,Net CO₂,2055,3058.5392411379776,-89.59537907384278
ECPC 2015,Lower resp.,Gross CO₂,2055,8590.352760607619,-33.00598223024021
ECPC 2015,Lower resp.,Net CO₂,2055,4902.809931178261,-60.30470058920583
ECPC 2015,World,Gross CO₂,2055,15503.33609255781,-64.22526938229696
ECPC 2015,World,Net CO₂,2055,8586.112210206253,-79.74749095000259
ECPC 2015*,Higher resp.,Gross CO₂,2055,5360.307148530202,-82.05166654540884
ECPC 2015*,Higher resp.,Net CO₂,2055,2034.916392061868,-93.07756677074718
ECPC 2015*,Lower resp.,Gross CO₂,2055,9643.956791831812,-24.789187279303704
ECPC 2015*,Lower resp.,Net CO₂,2055,6075.598644196873,-50.80928882281787
ECPC 2015*,World,Gross CO₂,2055,15602.56817279958,-63.99628634805907
ECPC 2015*,World,Net CO₂,2055,8728.843702073349,-79.41082276305275
ECPC 2025,Higher resp.,Gross CO₂,2055,5892.817350944558,-80.26862120564218
ECPC 2025,Higher resp.,Net CO₂,2055,2719.6522040290165,-90.74821409733438
ECPC 2025,Lower resp.,Gross CO₂,2055,9358.106587583725,-27.018461698708485
ECPC 2025,Lower resp.,Net CO₂,2055,5736.68687605,-53.55326713306794
ECPC 2025,World,Gross CO₂,2055,15846.80748740636,-63.43269180078583
ECPC 2025,World,Net CO₂,2055,9076.828761948716,-78.59001231918127
Source,Higher resp.,Gross CO₂,2055,7663.23698043528,-74.34058742247245
Source,Higher resp.,Net CO₂,2055,4435.8269634861945,-84.91008471353506
Source,Lower resp.,Gross CO₂,2055,7022.90631676426,-45.23010594650086
Source,Lower resp.,Net CO₂,2055,3271.31562498699,-73.51399401080587
Source,World,Gross CO₂,2055,15285.14328145669,-64.72876030794419
Source,World,Net CO₂,2055,8332.12864883584,-80.3465751745356
CAPC 1990,Higher resp.,Gross CO₂,2060,3770.8118112376146,-87.37389744519372
CAPC 1990,Higher resp.,Net CO₂,2060,-423.85634567071224,-101.44188589916838
CAPC 1990,Lower resp.,Gross CO₂,2060,9379.702186287617,-26.85004301281335
CAPC 1990,Lower resp.,Net CO₂,2060,5086.53726034925,-58.8171635555939
CAPC 1990,World,Gross CO₂,2060,13723.24968693667,-68.33290861924168
CAPC 1990,World,Net CO₂,2060,5257.050571855889,-87.59992163202257
CAPC 2015,Higher resp.,Gross CO₂,2060,2592.141663354999,-91.32053040128658
CAPC 2015,Higher resp.,Net CO₂,2060,-1781.2557784724054,-106.05952374200595
CAPC 2015,Lower resp.,Gross CO₂,2060,10226.995057460263,-20.242217321669564
CAPC 2015,Lower resp.,Net CO₂,2060,5935.473072993289,-51.94380690165721
CAPC 2015,World,Gross CO₂,2060,13433.08623460401,-69.00247543249593
CAPC 2015,World,Net CO₂,2060,4752.129353101087,-88.79090554907549
CAPC 2025,Higher resp.,Gross CO₂,2060,3711.7113040228564,-87.57178827149026
CAPC 2025,Higher resp.,Net CO₂,2060,-363.95854106893194,-101.23812393894627
CAPC 2025,Lower resp.,Gross CO₂,2060,9407.834937012278,-26.63064270941686
CAPC 2025,Lower resp.,Net CO₂,2060,5108.300126072644,-58.64096185023442
CAPC 2025,World,Gross CO₂,2060,13711.85649826514,-68.35919897721155
CAPC 2025,World,Net CO₂,2060,5354.914970910765,-87.36908378842027
ECPC 1990,Higher resp.,Gross CO₂,2060,3232.0746768298127,-89.17779290580616
ECPC 1990,Higher resp.,Net CO₂,2060,-1026.3753186985991,-103.49155112198247
ECPC 1990,Lower resp.,Gross CO₂,2060,9895.271323131785,-22.829247956099664
ECPC 1990,Lower resp.,Net CO₂,2060,5837.949763186996,-52.73339838830129
ECPC 1990,World,Gross CO₂,2060,13705.32631021441,-68.37426771577228
ECPC 1990,World,Net CO₂,2060,5401.540934090721,-87.25910470613614
ECPC 2015,Higher resp.,Gross CO₂,2060,4939.339224883756,-83.4612261952444
ECPC 2015,Higher resp.,Net CO₂,2060,1033.5295147248974,-96.48411154185264
ECPC 2015,Lower resp.,Gross CO₂,2060,7737.880382873143,-39.65420160070215
ECPC 2015,Lower resp.,Net CO₂,2060,3408.3916636465797,-72.4041662848654
ECPC 2015,World,Gross CO₂,2060,13254.760506002,-69.41397105284857
ECPC 2015,World,Net CO₂,2060,5042.419577638428,-88.10618291144448
ECPC 2015*,Higher resp.,Gross CO₂,2060,4063.2494448307807,-86.39470576513469
ECPC 2015*,Higher resp.,Net CO₂,2060,123.61391326863401,-99.5794868702484
ECPC 2015*,Lower resp.,Gross CO₂,2060,9034.66487757474,-29.540902891948928
ECPC 2015*,Lower resp.,Net CO₂,2060,4911.704084260416,-60.232689625175496
ECPC 2015*,World,Gross CO₂,2060,13679.3701166083,-68.43416294274638
ECPC 2015*,World,Net CO₂,2060,5632.86871901753,-86.71345983881459
ECPC 2025,Higher resp.,Gross CO₂,2060,4430.409493469202,-85.16531520941378
ECPC 2025,Higher resp.,Net CO₂,2060,645.314358242587,-97.80475228651231
ECPC 2025,Lower resp.,Gross CO₂,2060,8692.776679841272,-32.207203640302254
ECPC 2025,Lower resp.,Net CO₂,2060,4506.709238225838,-63.51170551582568
ECPC 2025,World,Gross CO₂,2060,13701.72130467122,-68.38258644803823
ECPC 2025,World,Net CO₂,2060,5753.395494303146,-86.42916707073995
Source,Higher resp.,Gross CO₂,2060,6377.871303285876,-78.64447732006717
Source,Higher resp.,Net CO₂,2060,2535.3163043246623,-91.37529291120383
Source,Lower resp.,Gross CO₂,2060,6179.222912332589,-51.809782307142996
Source,Lower resp.,Net CO₂,2060,1728.0045080593259,-86.009317657939
Source,World,Gross CO₂,2060,13134.37829876941,-69.69175907274305
Source,World,Net CO₂,2060,4866.814650029253,-88.52039137955667
CAPC 1990,Higher resp.,Gross CO₂,2070,1327.4557861668964,-95.55517651579297
CAPC 1990,Higher resp.,Net CO₂,2070,-4361.780032624821,-114.8380204485647
CAPC 1990,Lower resp.,Gross CO₂,2070,7840.345003060878,-38.85510559417875
CAPC 1990,Lower resp.,Net CO₂,2070,2093.9651722854633,-83.0463396222927
CAPC 1990,World,Gross CO₂,2070,9670.171805687904,-77.68559042324704
CAPC 1990,World,Net CO₂,2070,-1796.844483709795,-104.2383104572653
CAPC 2015,Higher resp.,Gross CO₂,2070,1046.1286620231863,-96.49716601267039
CAPC 2015,Higher resp.,Net CO₂,2070,-4721.361339479905,-116.06125379461372
CAPC 2015,Lower resp.,Gross CO₂,2070,9271.264712328331,-27.695719815592568
CAPC 2015,Lower resp.,Net CO₂,2070,3701.684141251291,-70.02954175793523
CAPC 2015,World,Gross CO₂,2070,10865.72847562976,-74.92678305752789
CAPC 2015,World,Net CO₂,2070,-541.9461331092134,-101.27831650655096
CAPC 2025,Higher resp.,Gross CO₂,2070,1424.635708651535,-95.22978142078914
CAPC 2025,Higher resp.,Net CO₂,2070,-4104.558107878757,-113.96299599738795
CAPC 2025,Lower resp.,Gross CO₂,2070,8772.87876735656,-31.58250744633425
CAPC 2025,Lower resp.,Net CO₂,2070,3051.3919749538118,-75.29459233261022
CAPC 2025,World,Gross CO₂,2070,10718.93960413526,-75.2655057881738
CAPC 2025,World,Net CO₂,2070,-572.7679122639965,-101.35101743870594
ECPC 1990,Higher resp.,Gross CO₂,2070,1708.3005128189516,-94.27996448801802
ECPC 1990,Higher resp.,Net CO₂,2070,-4095.6285116529807,-113.93261905714694
ECPC 1990,Lower resp.,Gross CO₂,2070,7528.194976267545,-41.289485767449364
ECPC 1990,Lower resp.,Net CO₂,2070,2130.334290874435,-82.75187928792096
ECPC 1990,World,Gross CO₂,2070,9718.13389024982,-77.57491549206951
ECPC 1990,World,Net CO₂,2070,-1500.719174572437,-103.53982430236638
ECPC 2015,Higher resp.,Gross CO₂,2070,2366.603772219871,-92.07571646890744
ECPC 2015,Higher resp.,Net CO₂,2070,-2893.5857127733693,-109.84347758361592
ECPC 2015,Lower resp.,Gross CO₂,2070,6024.457093846897,-53.01676230932959
ECPC 2015,Lower resp.,Net CO₂,2070,5.71063717147581,-99.95376417696583
ECPC 2015,World,Gross CO₂,2070,8878.750703241434,-79.511834566840065
ECPC 2015,World,Net CO₂,2070,-2411.072296425335,-105.68712151764194
ECPC 2015*,Higher resp.,Gross CO₂,2070,1851.1950869221405,-93.80149946842319
ECPC 2015*,Higher resp.,Net CO₂,2070,-3603.80811813946,-112.25953123488388
ECPC 2015*,Lower resp.,Gross CO₂,2070,7126.344786752401,-44.42341512837291
ECPC 2015*,Lower resp.,Net CO₂,2070,1605.9203373545326,-86.99776464598705
ECPC 2015*,World,Gross CO₂,2070,9464.459220403423,-78.16028259784011
ECPC 2015*,World,Net CO₂,2070,-1524.525211100594,-103.59597683781287
ECPC 2025,Higher resp.,Gross CO₂,2070,2078.6880557056866,-93.03976706220807
ECPC 2025,Higher resp.,Net CO₂,2070,-2990.3832622246036,-110.17276608679248
ECPC 2025,Lower resp.,Gross CO₂,2070,6818.5116280469265,-46.82412912454379
ECPC 2025,Lower resp.,Net CO₂,2070,1015.4510340345405,-91.77846308569532
ECPC 2025,World,Gross CO₂,2070,9389.58630888841,-78.33305562062833
ECPC 2025,World,Net CO₂,2070,-1496.567491546546,-103.53003151186984
Source,Higher resp.,Gross CO₂,2070,3927.3424347592822,-86.84977378045329
Source,Higher resp.,Net CO₂,2070,-1083.821760875138,-103.68697397167621
Source,Lower resp.,Gross CO₂,2070,4389.362681803213,-65.76845565049354
Source,Lower resp.,Net CO₂,2070,-1963.0998901858234,-115.89411766070566
Source,World,Gross CO₂,2070,8803.396289365832,-79.68571868063081
Source,World,Net CO₂,2070,-2560.608944975535,-106.03984138129212
CAPC 1990,Higher resp.,Gross CO₂,2080,1283.2270723705196,-95.70327095916879
CAPC 1990,Higher resp.,Net CO₂,2080,-5264.107638123124,-117.90758272853856
CAPC 1990,Lower resp.,Gross CO₂,2080,6315.438416346355,-50.74747157896638
CAPC 1990,Lower resp.,Net CO₂,2080,-153.23268309068408,-101.24063900501692
CAPC 1990,World,Gross CO₂,2080,7930.201892306422,-81.70065882933105
CAPC 1990,World,Net CO₂,2080,-5149.216413345923,-112.14572433466698
CAPC 2015,Higher resp.,Gross CO₂,2080,1268.6823752122089,-95.751972100234
CAPC 2015,Higher resp.,Net CO₂,2080,-5506.188122546633,-118.73109862140969
CAPC 2015,Lower resp.,Gross CO₂,2080,8293.424764207346,-35.321649586579596
CAPC 2015,Lower resp.,Net CO₂,2080,1731.5612451509292,-85.98052075457979
CAPC 2015,World,Gross CO₂,2080,9908.08824655703,-77.13658622629221
CAPC 2015,World,Net CO₂,2080,-3500.35050003278,-108.25645862114513
CAPC 2025,Higher resp.,Gross CO₂,2080,1182.96262101837,-96.03899422215446
CAPC 2025,Higher resp.,Net CO₂,2080,-5281.300336946155,-117.9660693130967
CAPC 2025,Lower resp.,Gross CO₂,2080,7227.457199244298,-43.634864652275084
CAPC 2025,Lower resp.,Net CO₂,2080,668.6945569002196,-94.58595560033399
CAPC 2025,World,Gross CO₂,2080,8758.113494573758,-79.7902110154181
CAPC 2025,World,Net CO₂,2080,-4340.309149990626,-110.23771273749287
ECPC 1990,Higher resp.,Gross CO₂,2080,1673.6215510196432,-94.39608275381622
ECPC 1990,Higher resp.,Net CO₂,2080,-5383.305274626946,-118.31307244939455
ECPC 1990,Lower resp.,Gross CO₂,2080,5934.916561585116,-53.715066578854746
ECPC 1990,Lower resp.,Net CO₂,2080,-147.0724272823477,-101.19076287231105
ECPC 1990,World,Gross CO₂,2080,7901.975080767319,-81.76579362180276
ECPC 1990,World,Net CO₂,2080,-5281.839364107405,-112.45854898041779
ECPC 2015,Higher resp.,Gross CO₂,2080,1640.7618150998712,-94.50610956406712
ECPC 2015,Higher resp.,Net CO₂,2080,-4535.6879724482815,-115.4296251484733
ECPC 2015,Lower resp.,Gross CO₂,2080,4718.973888597244,-63.19790009120014
ECPC 2015,Lower resp.,Net CO₂,2080,-1905.5427838340645,-115.42811008506565
ECPC 2015,World,Gross CO₂,2080,6670.584966356717,-84.6072884694497
ECPC 2015,World,Net CO₂,2080,-6178.197163990565,-114.57283470249237
ECPC 2015*,Higher resp.,Gross CO₂,2080,1510.00131646777,-94.9439451147372
ECPC 2015*,Higher resp.,Net CO₂,2080,-5070.24584174729,-117.24809846355855
ECPC 2015*,Lower resp.,Gross CO₂,2080,5451.30291934456,-57.48664870648676
ECPC 2015*,Lower resp.,Net CO₂,2080,-893.7940001754635,-107.23654821348742
ECPC 2015*,World,Gross CO₂,2080,7278.050865632635,-83.20553024294328
ECPC 2015*,World,Net CO₂,2080,-5708.177899218306,-113.46417583798814
ECPC 2025,Higher resp.,Gross CO₂,2080,1544.3938457392182,-94.82878593325636
ECPC 2025,Higher resp.,Net CO₂,2080,-4431.549485926005,-115.07536404843101
ECPC 2025,Lower resp.,Gross CO₂,2080,5013.25909676764,-60.902843180853836
ECPC 2025,Lower resp.,Net CO₂,2080,-1842.670007716547,-114.91906451572767
ECPC 2025,World,Gross CO₂,2080,6868.323661137278,-84.15099644970392
ECPC 2025,World,Net CO₂,2080,-6011.654119580086,-114.1800009691843
Source,Higher resp.,Gross CO₂,2080,2774.483533375407,-90.70998093179257
Source,Higher resp.,Net CO₂,2080,-2391.7937812288233,-108.13646831549788
Source,Lower resp.,Gross CO₂,2080,2938.0591288215064,-77.08680994016007
Source,Lower resp.,Net CO₂,2080,-4109.3114405436845,-133.27078762879592
Source,World,Gross CO₂,2080,6058.228574548679,-86.02033175433839
Source,World,Net CO₂,2080,-6222.098185914024,-114.67638632423245
CAPC 1990,Higher resp.,Gross CO₂,2090,1387.0836967270006,-95.35551974384347
CAPC 1990,Higher resp.,Net CO₂,2090,-5852.791458399757,-119.91018315718682
CAPC 1990,Lower resp.,Gross CO₂,2090,5052.90676531519,-60.59364090648576
CAPC 1990,Lower resp.,Net CO₂,2090,-1436.4332725906747,-111.62999374634346
CAPC 1990,World,Gross CO₂,2090,6624.936424773612,-84.7126247834196
CAPC 1990,World,Net CO₂,2090,-7206.83647559785,-116.99913970031739
CAPC 2015,Higher resp.,Gross CO₂,2090,1431.2481910371232,-95.2076403315697
CAPC 2015,Higher resp.,Net CO₂,2090,-5849.413547167488,-119.89869208804464
CAPC 2015,Lower resp.,Gross CO₂,2090,6733.241110088666,-47.48913261794262
CAPC 2015,Lower resp.,Net CO₂,2090,76.08465177616881,-99.38398529104407
CAPC 2015,World,Gross CO₂,2090,8351.023330096315,-80.72959211922374
CAPC 2015,World,Net CO₂,2090,-5687.283119344528,-113.41489023489663
CAPC 2025,Higher resp.,Gross CO₂,2090,1383.3261360563547,-95.36810147657332
CAPC 2025,Higher resp.,Net CO₂,2090,-5850.989922847801,-119.90405464516678
CAPC 2025,Lower resp.,Gross CO₂,2090,5801.0450290818535,-54.75909725807382
CAPC 2025,Lower resp.,Net CO₂,2090,-816.3450806562237,-106.60948779456152
CAPC 2025,World,Gross CO₂,2090,7383.379594297476,-82.9624788847199
CAPC 2025,World,Net CO₂,2090,-6582.595571552678,-115.52671024108838
ECPC 1990,Higher resp.,Gross CO₂,2090,1863.7972877327063,-93.75930253900437
ECPC 1990,Higher resp.,Net CO₂,2090,-5805.410574969408,-119.7490015955418
ECPC 1990,Lower resp.,Gross CO₂,2090,4662.254970219049,-63.640236783487694
ECPC 1990,Lower resp.,Net CO₂,2090,-1544.184677196808,-112.50239637418633
ECPC 1990,World,Gross CO₂,2090,6689.624361470957,-84.56335410414474
ECPC 1990,World,Net CO₂,2090,-7278.577628874861,-117.16835928660147
ECPC 2015,Higher resp.,Gross CO₂,2090,1671.2328092161522,-94.40408116383973
ECPC 2015,Higher resp.,Net CO₂,2090,-5350.310034188802,-118.20082835440017
ECPC 2015,Lower resp.,Gross CO₂,2090,3731.2173530989244,-70.90116685281916
ECPC 2015,Lower resp.,Net CO₂,2090,-2799.725573163748,-122.66780610605554
ECPC 2015,World,Gross CO₂,2090,5591.59962027335,-87.09710162102752
ECPC 2015,World,Net CO₂,2090,-8070.367800712203,-119.03599591051761
ECPC 2015*,Higher resp.,Gross CO₂,2090,1833.8897182092574,-93.85944438083341
ECPC 2015*,Higher resp.,Net CO₂,2090,-5691.405739631686,-119.3611768851429
ECPC 2015*,Lower resp.,Gross CO₂,2090,4115.66824557975,-67.90293026810426
ECPC 2015*,Lower resp.,Net CO₂,2090,-2142.3315401991636,-117.34525570420315
ECPC 2015*,World,Gross CO₂,2090,6126.298458198386,-85.86325706175556
ECPC 2015*,World,Net CO₂,2090,-7758.473454281182,-118.30031450791158
ECPC 2025,Higher resp.,Gross CO₂,2090,1783.989828018237,-94.02652806534606
ECPC 2025,Higher resp.,Net CO₂,2090,-5192.300523891324,-117.66330735899805
ECPC 2025,Lower resp.,Gross CO₂,2090,3806.5576918252855,-70.31360634953471
ECPC 2025,Lower resp.,Net CO₂,2090,-2858.689357427508,-123.14520276299284
ECPC 2025,World,Gross CO₂,2090,5775.75391517274,-86.67215628972677
ECPC 2025,World,Net CO₂,2090,-7971.710319166839,-118.80328738203222
Source,Higher resp.,Gross CO₂,2090,2223.943726819563,-92.55339619780021
Source,Higher resp.,Net CO₂,2090,-3298.5064194038846,-111.22094771738955
Source,Lower resp.,Gross CO₂,2090,2405.8292585236877,-81.23753789999847
Source,Lower resp.,Net CO₂,2090,-4981.897519217413,-140.33562720872234
Source,World,Gross CO₂,2090,4843.484506393437,-88.82341500998473
Source,World,Net CO₂,2090,-8191.240329069604,-119.32110422432982
CAPC 1990,Higher resp.,Gross CO₂,2100,1519.299454985571,-94.91281143414761
CAPC 1990,Higher resp.,Net CO₂,2100,-6716.8549647634,-122.84957759715974
CAPC 1990,Lower resp.,Gross CO₂,2100,4096.444997728938,-68.05284758163013
CAPC 1990,Lower resp.,Net CO₂,2100,-1671.090739312936,-113.52988350982038
CAPC 1990,World,Gross CO₂,2100,5802.519631329602,-86.61039304860338
CAPC 1990,World,Net CO₂,2100,-8295.999280459799,-119.56820460680284
CAPC 2015,Higher resp.,Gross CO₂,2100,1680.490054837363,-94.37308440811725
CAPC 2015,Higher resp.,Net CO₂,2100,-6835.920528077867,-123.25461802789341
CAPC 2015,Lower resp.,Gross CO₂,2100,4977.9182179614745,-61.178457876631676
CAPC 2015,Lower resp.,Net CO₂,2100,-688.7843223795978,-105.5766999516843
CAPC 2015,World,Gross CO₂,2100,6845.150849576565,-84.2044688821075
CAPC 2015,World,Net CO₂,2100,-7430.844626969254,-117.52751936760495
CAPC 2025,Higher resp.,Gross CO₂,2100,1585.1199202368973,-94.69241964954792
CAPC 2025,Higher resp.,Net CO₂,2100,-6805.867620087373,-123.15238323843442
CAPC 2025,Lower resp.,Gross CO₂,2100,4573.591517012632,-64.33170093230325
CAPC 2025,Lower resp.,Net CO₂,2100,-1228.7363867289175,-109.94838866951955
CAPC 2025,World,Gross CO₂,2100,6354.477016377286,-85.33672352066148
CAPC 2025,World,Net CO₂,2100,-7941.518525526857,-118.7320724294484
ECPC 1990,Higher resp.,Gross CO₂,2100,1823.1884360393653,-93.89527631647717
ECPC 1990,Higher resp.,Net CO₂,2100,-6740.44645172142,-122.92983175103198
ECPC 1990,Lower resp.,Gross CO₂,2100,3754.222848163203,-70.72175273699774
ECPC 1990,Lower resp.,Net CO₂,2100,-1721.0501174809126,-113.93437654597575
ECPC 1990,World,Gross CO₂,2100,5748.868574885248,-86.73419556957003
ECPC 1990,World,Net CO₂,2100,-8376.476244363903,-119.75802980357196
ECPC 2015,Higher resp.,Gross CO₂,2100,1780.6421936063182,-94.03773721009175
ECPC 2015,Higher resp.,Net CO₂,2100,-6521.588350531034,-122.18531438506963
ECPC 2015,Lower resp.,Gross CO₂,2100,3099.70161596802,-75.82620051491038
ECPC 2015,Lower resp.,Net CO₂,2100,-2510.935477053479,-120.32963483429788
ECPC 2015,World,Gross CO₂,2100,5074.123668695917,-88.29120350066806
ECPC 2015,World,Net CO₂,2100,-8942.387169677611,-121.09287331083296
ECPC 2015*,Higher resp.,Gross CO₂,2100,1791.9926965651264,-93.9997314379714
ECPC 2015*,Higher resp.,Net CO₂,2100,-6716.148310013331,-122.84717368005407
ECPC 2015*,Lower resp.,Gross CO₂,2100,3359.7714706334546,-73.79798060935174
ECPC 2015*,Lower resp.,Net CO₂,2100,-2146.886773459275,-117.38213687044954
ECPC 2015*,World,Gross CO₂,2100,5335.486457139223,-87.68809567315088
ECPC 2015*,World,Net CO₂,2100,-8775.705674649047,-120.6997130068574
ECPC 2025,Higher resp.,Gross CO₂,2100,1840.6612054766174,-93.83677088319784
ECPC 2025,Higher resp.,Net CO₂,2100,-6534.1658540277085,-122.22810087422764
ECPC 2025,Lower resp.,Gross CO₂,2100,3142.1273975200716,-75.49533243039728
ECPC 2025,Lower resp.,Net CO₂,2100,-2436.6542361110064,-119.72822133036705
ECPC 2025,World,Gross CO₂,2100,5173.906476182592,-88.0609496355127
ECPC 2025,World,Net CO₂,2100,-8881.045302268083,-120.94818306052639
Source,Higher resp.,Gross CO₂,2100,2037.0102351120934,-93.17932015141483
Source,Higher resp.,Net CO₂,2100,-4821.603087290544,-116.40225886426163
Source,Lower resp.,Gross CO₂,2100,2288.5015173280785,-82.1525476787108
Source,Lower resp.,Net CO₂,2100,-4258.506460021174,-134.4787359384166
Source,World,Gross CO₂,2100,4532.012519407043,-89.54215234257393
Source,World,Net CO₂,2100,-8983.189812669556,-121.18911662517912
