dr,state,grp,year,v,pct
5% (default),Src./FS.U.,Higher,2030,24654.252255449992,-16.130502598890274
5% (default),Src./FS.U.,Lower,2030,11424.021762327973,-7.506109619457435
5% (default),Src./FS.U.,World,2030,36853.15215151342,-13.072554935602431
5% (default),FS-Lf.Trnsf.,Higher,2030,23555.720829062528,-19.867516305727563
5% (default),FS-Lf.Trnsf.,Lower,2030,11955.779860981453,-3.200762841494198
5% (default),FS-Lf.Trnsf.,World,2030,36294.54257066471,-14.390176382257403
1%,Src./FS.U.,Higher,2030,22331.920835693167,-24.030671987753184
1%,Src./FS.U.,Lower,2030,10561.648635028168,-14.488260666002672
1%,Src./FS.U.,World,2030,33628.19225995913,-20.67943541777739
1%,FS-Lf.Trnsf.,Higher,2030,21669.474215065813,-26.28420069150035
1%,FS-Lf.Trnsf.,Lower,2030,11096.289696194759,-10.159572159162632
1%,FS-Lf.Trnsf.,World,2030,33500.20172688166,-20.98133333921197
5% (default),Src./FS.U.,Higher,2035,19471.32778213078,-33.76191425726262
5% (default),Src./FS.U.,Lower,2035,9541.839091289865,-22.745085986365165
5% (default),Src./FS.U.,World,2035,29763.04827547979,-29.79635138728468
5% (default),FS-Lf.Trnsf.,Higher,2035,17278.29123630864,-41.22224487182059
5% (default),FS-Lf.Trnsf.,Lower,2035,10457.407839963445,-15.332239859362717
5% (default),FS-Lf.Trnsf.,World,2035,28501.66531197957,-32.771640931420166
1%,Src./FS.U.,Higher,2035,14791.174310066024,-49.68298602188529
1%,Src./FS.U.,Lower,2035,8320.534385328228,-32.63330450910692
1%,Src./FS.U.,World,2035,23808.61660992499,-43.84137878057831
1%,FS-Lf.Trnsf.,Higher,2035,13622.560530902198,-53.65840775842632
1%,FS-Lf.Trnsf.,Lower,2035,8934.663366982515,-27.661046937262935
1%,FS-Lf.Trnsf.,World,2035,23257.63302811344,-45.141012387017085
5% (default),Src./FS.U.,Higher,2040,14941.802122431816,-49.170576284739234
5% (default),Src./FS.U.,Lower,2040,8470.326897322984,-31.420518638026284
5% (default),Src./FS.U.,World,2040,24113.37291839387,-43.122534239043766
5% (default),FS-Lf.Trnsf.,Higher,2040,12021.411503485355,-59.105239518008126
5% (default),FS-Lf.Trnsf.,Lower,2040,10094.364299212175,-18.271599584003972
5% (default),FS-Lf.Trnsf.,World,2040,22838.38124575964,-46.129923352594126
1%,Src./FS.U.,Higher,2040,10386.658733421613,-64.66638539173908
1%,Src./FS.U.,Lower,2040,6895.7839432761375,-44.16870893571242
1%,Src./FS.U.,World,2040,17897.7366995891,-57.783678385657645
1%,FS-Lf.Trnsf.,Higher,2040,8907.818806109437,-69.69714277003061
1%,FS-Lf.Trnsf.,Lower,2040,7703.050591490543,-37.6327241116958
1%,FS-Lf.Trnsf.,World,2040,17230.16412049503,-59.3583165185674
5% (default),Src./FS.U.,Higher,2045,10880.314001584733,-62.987055643618305
5% (default),Src./FS.U.,Lower,2045,7145.524970296317,-42.146696052919964
5% (default),Src./FS.U.,World,2045,18700.13414996902,-55.891021822632844
5% (default),FS-Lf.Trnsf.,Higher,2045,8061.338544651442,-72.5767220552936
5% (default),FS-Lf.Trnsf.,Lower,2045,9180.372012578435,-25.671681982948503
5% (default),FS-Lf.Trnsf.,World,2045,17930.46093429049,-57.70649003274323
1%,Src./FS.U.,Higher,2045,7429.197099910156,-74.72715779788008
1%,Src./FS.U.,Lower,2045,5494.684854428353,-55.512621634085704
1%,Src./FS.U.,World,2045,13524.37419994078,-68.09935577661493
1%,FS-Lf.Trnsf.,Higher,2045,5627.001063676062,-80.85791667108066
1%,FS-Lf.Trnsf.,Lower,2045,6573.132473264353,-46.781036741039486
1%,FS-Lf.Trnsf.,World,2045,12805.50703730658,-69.79498510925852
5% (default),Src./FS.U.,Higher,2050,7236.620861148613,-75.38226881844476
5% (default),Src./FS.U.,Lower,2050,5189.62332583989,-57.982533559291305
5% (default),Src./FS.U.,World,2050,13081.45309133594,-69.14409681200362
5% (default),FS-Lf.Trnsf.,Higher,2050,5035.705429734891,-82.86940203759198
5% (default),FS-Lf.Trnsf.,Lower,2050,7437.137451605087,-39.78567351279176
5% (default),FS-Lf.Trnsf.,World,2050,13128.17056932318,-69.03390186898797
1%,Src./FS.U.,Higher,2050,4872.48825635627,-83.42463860111295
1%,Src./FS.U.,Lower,2050,3668.976280881229,-70.29435894006166
1%,Src./FS.U.,World,2050,9129.859470229358,-78.46492603180376
1%,FS-Lf.Trnsf.,Higher,2050,3251.794295666378,-88.93795883957314
1%,FS-Lf.Trnsf.,Lower,2050,4656.616320097812,-62.297992036772584
1%,FS-Lf.Trnsf.,World,2050,8500.058474800238,-79.9504703675118
5% (default),Src./FS.U.,Higher,2055,4435.8269634861945,-84.91008471353506
5% (default),Src./FS.U.,Lower,2055,3271.31562498699,-73.51399401080587
5% (default),Src./FS.U.,World,2055,8332.12864883584,-80.3465751745356
5% (default),FS-Lf.Trnsf.,Higher,2055,2719.6522040290165,-90.74821409733438
5% (default),FS-Lf.Trnsf.,Lower,2055,5736.68687605,-53.55326713306794
5% (default),FS-Lf.Trnsf.,World,2055,9076.828761948716,-78.59001231918127
1%,Src./FS.U.,Higher,2055,2785.9589537159227,-90.52265001561244
1%,Src./FS.U.,Lower,2055,2279.352126200275,-81.54536553889906
1%,Src./FS.U.,World,2055,5615.629703127563,-86.75412240142467
1%,FS-Lf.Trnsf.,Higher,2055,1294.7718031350432,-95.59541050959841
1%,FS-Lf.Trnsf.,Lower,2055,3306.4552863293925,-73.22948790150106
1%,FS-Lf.Trnsf.,World,2055,5155.607242132655,-87.83920128537248
5% (default),Src./FS.U.,Higher,2060,2535.3163043246623,-91.37529291120383
5% (default),Src./FS.U.,Lower,2060,1728.0045080593259,-86.009317657939
5% (default),Src./FS.U.,World,2060,4866.814650029253,-88.52039137955667
5% (default),FS-Lf.Trnsf.,Higher,2060,645.314358242587,-97.80475228651231
5% (default),FS-Lf.Trnsf.,Lower,2060,4506.709238225838,-63.51170551582568
5% (default),FS-Lf.Trnsf.,World,2060,5753.395494303146,-86.42916707073995
1%,Src./FS.U.,Higher,2060,1273.622978304841,-95.6673551498477
1%,Src./FS.U.,Lower,2060,1105.5884770917712,-91.04867081544505
1%,Src./FS.U.,World,2060,2889.615653324135,-93.18411339879805
1%,FS-Lf.Trnsf.,Higher,2060,-263.4646442552114,-100.89626110204833
1%,FS-Lf.Trnsf.,Lower,2060,2247.58480585469,-81.80256769649802
1%,FS-Lf.Trnsf.,World,2060,2502.523927510651,-94.09716676780688
5% (default),Src./FS.U.,Higher,2070,-1083.821760875138,-103.68697397167621
5% (default),Src./FS.U.,Lower,2070,-1963.0998901858234,-115.89411766070566
5% (default),Src./FS.U.,World,2070,-2560.608944975535,-106.03984138129212
5% (default),FS-Lf.Trnsf.,Higher,2070,-2990.3832622246036,-110.17276608679248
5% (default),FS-Lf.Trnsf.,Lower,2070,1015.4510340345405,-91.77846308569532
5% (default),FS-Lf.Trnsf.,World,2070,-1496.567491546546,-103.53003151186984
1%,Src./FS.U.,Higher,2070,-1017.885236311475,-103.46266933172072
1%,Src./FS.U.,Lower,2070,-1204.9428509404129,-109.75574576872916
1%,Src./FS.U.,World,2070,-1785.044244429938,-104.21047661967309
1%,FS-Lf.Trnsf.,Higher,2070,-2760.2779696569273,-109.38998772316475
1%,FS-Lf.Trnsf.,Lower,2070,93.9155548428796,-99.23961847978
1%,FS-Lf.Trnsf.,World,2070,-2219.94821188302,-105.2363072076141
5% (default),Src./FS.U.,Higher,2080,-2391.7937812288233,-108.13646831549788
5% (default),Src./FS.U.,Lower,2080,-4109.3114405436845,-133.27078762879592
5% (default),Src./FS.U.,World,2080,-6222.098185914024,-114.67638632423245
5% (default),FS-Lf.Trnsf.,Higher,2080,-4431.549485926005,-115.07536404843101
5% (default),FS-Lf.Trnsf.,Lower,2080,-1842.670007716547,-114.91906451572767
5% (default),FS-Lf.Trnsf.,World,2080,-6011.654119580086,-114.1800009691843
1%,Src./FS.U.,Higher,2080,-1644.1605501918878,-105.59314951281247
1%,Src./FS.U.,Lower,2080,-2271.8137240435576,-118.39360025114985
1%,Src./FS.U.,World,2080,-3623.20171226005,-108.54623415942406
1%,FS-Lf.Trnsf.,Higher,2080,-3567.118095539122,-112.1347181307085
1%,FS-Lf.Trnsf.,Lower,2080,-946.3975257565669,-107.66244942673382
1%,FS-Lf.Trnsf.,World,2080,-4224.811933241629,-109.96528345050103
5% (default),Src./FS.U.,Higher,2090,-3298.5064194038846,-111.22094771738955
5% (default),Src./FS.U.,Lower,2090,-4981.897519217413,-140.33562720872234
5% (default),Src./FS.U.,World,2090,-8191.240329069604,-119.32110422432982
5% (default),FS-Lf.Trnsf.,Higher,2090,-5192.300523891324,-117.66330735899805
5% (default),FS-Lf.Trnsf.,Lower,2090,-2858.689357427508,-123.14520276299284
5% (default),FS-Lf.Trnsf.,World,2090,-7971.710319166839,-118.80328738203222
1%,Src./FS.U.,Higher,2090,-2364.433406342085,-108.043393057458
1%,Src./FS.U.,Lower,2090,-3026.0362227406094,-124.5001163772893
1%,Src./FS.U.,World,2090,-5209.554614105959,-112.28804718429161
1%,FS-Lf.Trnsf.,Higher,2090,-3982.498747208951,-113.54777118641384
1%,FS-Lf.Trnsf.,Lower,2090,-982.1361326347089,-107.95180486177341
1%,FS-Lf.Trnsf.,World,2090,-4816.202074295497,-111.3602261079631
5% (default),Src./FS.U.,Higher,2100,-4821.603087290544,-116.40225886426163
5% (default),Src./FS.U.,Lower,2100,-4258.506460021174,-134.4787359384166
5% (default),Src./FS.U.,World,2100,-8983.189812669556,-121.18911662517912
5% (default),FS-Lf.Trnsf.,Higher,2100,-6534.1658540277085,-122.22810087422764
5% (default),FS-Lf.Trnsf.,Lower,2100,-2436.6542361110064,-119.72822133036705
5% (default),FS-Lf.Trnsf.,World,2100,-8881.045302268083,-120.94818306052639
1%,Src./FS.U.,Higher,2100,-2942.788211139866,-110.01085596386937
1%,Src./FS.U.,Lower,2100,-3483.2793515776493,-128.20215727985246
1%,Src./FS.U.,World,2100,-6268.440445530072,-114.78569622017763
1%,FS-Lf.Trnsf.,Higher,2100,-4698.49951849673,-115.98348183804954
1%,FS-Lf.Trnsf.,Lower,2100,-591.6801718829505,-104.79050216264032
1%,FS-Lf.Trnsf.,World,2100,-5183.164699822415,-112.22579992211155
