bud,region,lever,Unlimited (U),Lowest-f. (L),delta,contrib,xpos
2 °C,AFR,CCS,17.80172654212513,10.872807428919876,-6.9289191132052554,6.9289191132052554,11.81
2 °C,AFR,Conventional CDR,43.78906641679231,44.24102687373577,0.45196045694346054,-0.45196045694346054,11.81
2 °C,AFR,Gross emissions,139.17487728222474,180.7014147409264,41.526537458701654,41.526537458701654,11.81
2 °C,AFR,Novel CDR,27.00438640735409,12.963157794340958,-14.041228613013132,14.041228613013132,11.81
2 °C,CHN,CCS,4.8290319798755235,3.470707745778772,-1.3583242340967514,1.3583242340967514,2.81
2 °C,CHN,Conventional CDR,54.498612825934934,55.02355871584594,0.5249458899110024,-0.5249458899110024,2.81
2 °C,CHN,Gross emissions,282.78000001189565,257.63084740100555,-25.1491526108901,-25.1491526108901,2.81
2 °C,CHN,Novel CDR,10.32401991434261,11.594260541819862,1.2702406274772517,-1.2702406274772517,2.81
2 °C,EEU,CCS,0.012846361058762643,0,-0.012846361058762643,0.012846361058762643,3.81
2 °C,EEU,Conventional CDR,5.186037701831846,5.103779788796828,-0.08225791303501762,0.08225791303501762,3.81
2 °C,EEU,Gross emissions,21.80189304732564,20.241344092726482,-1.560548954599156,-1.560548954599156,3.81
2 °C,EEU,Novel CDR,1.7285258919953832,1.7549117707587125,0.026385878763329318,-0.026385878763329318,3.81
2 °C,FSU,CCS,8.825763484089629,10.372098192641019,1.5463347085513899,-1.5463347085513899,4.81
2 °C,FSU,Conventional CDR,13.764073396412913,13.816094439489818,0.05202104307690547,-0.05202104307690547,4.81
2 °C,FSU,Gross emissions,61.99172936970038,67.32783748119604,5.336108111495662,5.336108111495662,4.81
2 °C,FSU,Novel CDR,21.375832870550454,26.416590441579938,5.040757571029484,-5.040757571029484,4.81
2 °C,LAM,CCS,5.685752144502993,5.272445823581201,-0.41330632092179176,0.41330632092179176,8.81
2 °C,LAM,Conventional CDR,121.73687699953871,121.38600035248615,-0.3508766470525586,0.3508766470525586,8.81
2 °C,LAM,Gross emissions,151.55193876579813,151.88464557845518,0.33270681265705093,0.33270681265705093,8.81
2 °C,LAM,Novel CDR,41.71837963173086,42.13484084570898,0.416461213978117,-0.416461213978117,8.81
2 °C,MEA,CCS,19.53863804406777,7.173008709755437,-12.365629334312334,12.365629334312334,5.81
2 °C,MEA,Conventional CDR,2.5399425662398034,2.5416815007246636,0.0017389344848601773,-0.0017389344848601773,5.81
2 °C,MEA,Gross emissions,180.0602080959257,136.60924364080057,-43.45096445512513,-43.45096445512513,5.81
2 °C,MEA,Novel CDR,13.306440265172851,24.52833043096336,11.22189016579051,-11.22189016579051,5.81
2 °C,NAM,CCS,5.026907189859354,3.7433661646854373,-1.2835410251739163,1.2835410251739163,0.81
2 °C,NAM,Conventional CDR,23.26804137072482,24.151358543411323,0.8833171726865032,-0.8833171726865032,0.81
2 °C,NAM,Gross emissions,153.12434533793135,145.7842032871232,-7.34014205080814,-7.34014205080814,0.81
2 °C,NAM,Novel CDR,36.370944440875974,40.13499571350595,3.7640512726299775,-3.7640512726299775,0.81
2 °C,PAO,CCS,4.0935256522871715,1.5149349208481886,-2.578590731438983,2.578590731438983,7.81
2 °C,PAO,Conventional CDR,21.41645658780433,21.41645658780433,0,-0,7.81
2 °C,PAO,Gross emissions,32.712139049597965,34.54092823183652,1.8287891822385518,1.8287891822385518,7.81
2 °C,PAO,Novel CDR,8.82706555462605,11.634555853828864,2.807490299202815,-2.807490299202815,7.81
2 °C,PAS,CCS,4.732021184735529,5.575381211118294,0.843360026382765,-0.843360026382765,9.81
2 °C,PAS,Conventional CDR,34.260296095123536,34.579042473734674,0.31874637861113797,-0.31874637861113797,9.81
2 °C,PAS,Gross emissions,101.62928969866542,106.85769503142636,5.228405332760943,5.228405332760943,9.81
2 °C,PAS,Novel CDR,14.77558233093361,14.232508987393969,-0.5430733435396409,0.5430733435396409,9.81
2 °C,RCPA,CCS,1.5346294842147772,1.0801907168211118,-0.4544387673936654,0.4544387673936654,6.81
2 °C,RCPA,Conventional CDR,11.241265442538591,10.802444837388169,-0.438820605150422,0.438820605150422,6.81
2 °C,RCPA,Gross emissions,23.370431592089197,17.763696107329586,-5.606735484759611,-5.606735484759611,6.81
2 °C,RCPA,Novel CDR,2.1136588954191153,2.493809670910002,0.3801507754908866,-0.3801507754908866,6.81
2 °C,SAS,CCS,0.9355410989084417,2.459769399991917,1.5242283010834754,-1.5242283010834754,10.81
2 °C,SAS,Conventional CDR,30.624555562034423,30.077292555808775,-0.5472630062256485,0.5472630062256485,10.81
2 °C,SAS,Gross emissions,155.65905759501356,209.77536876295815,54.11631116794459,54.11631116794459,10.81
2 °C,SAS,Novel CDR,3.715560184484362,2.194364325649927,-1.5211958588344352,1.5211958588344352,10.81
2 °C,WEU,CCS,3.603385513877194,1.749478790798573,-1.853906723078621,1.853906723078621,1.81
2 °C,WEU,Conventional CDR,15.644834026231779,15.369228431014434,-0.2756055952173444,0.2756055952173444,1.81
2 °C,WEU,Gross emissions,82.64148872586468,71.54618326228848,-11.095305463576196,-11.095305463576196,1.81
2 °C,WEU,Novel CDR,7.683301864186836,9.415688536099244,1.7323866719124084,-1.7323866719124084,1.81
1.5 °C,AFR,CCS,17.324823659783668,21.748250382878,4.42342672309433,-4.42342672309433,12.19
1.5 °C,AFR,Conventional CDR,48.38980299705114,48.10785727264284,-0.28194572440830257,0.28194572440830257,12.19
1.5 °C,AFR,Gross emissions,104.94127082450423,110.85218942426705,5.910918599762823,5.910918599762823,12.19
1.5 °C,AFR,Novel CDR,27.19591005834587,25.313579445054778,-1.8823306132910922,1.8823306132910922,12.19
1.5 °C,CHN,CCS,10.077688371861147,9.797068039360255,-0.2806203325008916,0.2806203325008916,3.19
1.5 °C,CHN,Conventional CDR,55.6256963987769,55.772467564384975,0.14677116560807235,-0.14677116560807235,3.19
1.5 °C,CHN,Gross emissions,251.96822665121977,230.599625591461,-21.36860105975876,-21.36860105975876,3.19
1.5 °C,CHN,Novel CDR,5.663292199319647,5.855231715909839,0.1919395165901916,-0.1919395165901916,3.19
1.5 °C,EEU,CCS,0.12927993603729931,0.1541585353108615,0.024878599273562174,-0.024878599273562174,4.19
1.5 °C,EEU,Conventional CDR,5.040850286408669,5.054648361785521,0.013798075376851848,-0.013798075376851848,4.19
1.5 °C,EEU,Gross emissions,19.830672582962315,19.1931877230558,-0.6374848599065146,-0.6374848599065146,4.19
1.5 °C,EEU,Novel CDR,1.6965762015042667,1.680285237142771,-0.016290964361495686,0.016290964361495686,4.19
1.5 °C,FSU,CCS,7.266634756309203,10.754695344483926,3.488060588174723,-3.488060588174723,5.19
1.5 °C,FSU,Conventional CDR,13.82999548473312,14.018530423504187,0.18853493877106686,-0.18853493877106686,5.19
1.5 °C,FSU,Gross emissions,52.71230627046288,56.564208613512065,3.8519023430491828,3.8519023430491828,5.19
1.5 °C,FSU,Novel CDR,31.623710899491915,25.94602071956192,-5.677690179929996,5.677690179929996,5.19
1.5 °C,LAM,CCS,6.471851423159456,6.670205776774362,0.1983543536149064,-0.1983543536149064,9.19
1.5 °C,LAM,Conventional CDR,125.87223462897762,126.31603405125608,0.4437994222784596,-0.4437994222784596,9.19
1.5 °C,LAM,Gross emissions,137.83672856587026,137.14878769285409,-0.6879408730161742,-0.6879408730161742,9.19
1.5 °C,LAM,Novel CDR,42.51454059068926,41.65345876892537,-0.8610818217638894,0.8610818217638894,9.19
1.5 °C,MEA,CCS,13.575479914753604,9.41510027080859,-4.160379643945014,4.160379643945014,6.19
1.5 °C,MEA,Conventional CDR,2.5453452129171663,2.54975344625983,0.004408233342663603,-0.004408233342663603,6.19
1.5 °C,MEA,Gross emissions,128.47693610683152,110.48703001067761,-17.989906096153902,-17.989906096153902,6.19
1.5 °C,MEA,Novel CDR,27.848621128156445,24.929470236903732,-2.9191508912527127,2.9191508912527127,6.19
1.5 °C,NAM,CCS,6.570690548764236,5.726403203242802,-0.8442873455214341,0.8442873455214341,1.19
1.5 °C,NAM,Conventional CDR,26.533627588761654,26.772613465553913,0.2389858767922597,-0.2389858767922597,1.19
1.5 °C,NAM,Gross emissions,133.54430349096717,132.50995197118277,-1.0343515197843942,-1.0343515197843942,1.19
1.5 °C,NAM,Novel CDR,36.41236746954359,38.882668871455444,2.470301401911854,-2.470301401911854,1.19
1.5 °C,PAO,CCS,7.594616863707285,3.534145927192418,-4.060470936514866,4.060470936514866,8.19
1.5 °C,PAO,Conventional CDR,21.60780905006814,21.545199301771785,-0.06260974829635657,0.06260974829635657,8.19
1.5 °C,PAO,Gross emissions,29.632322828200344,31.504738492848077,1.8724156646477326,1.8724156646477326,8.19
1.5 °C,PAO,Novel CDR,13.089397074448774,13.741165688590687,0.651768614141913,-0.651768614141913,8.19
1.5 °C,PAS,CCS,5.037333813882477,4.341764494011957,-0.6955693198705202,0.6955693198705202,10.19
1.5 °C,PAS,Conventional CDR,33.096703204092854,33.701802346707744,0.6050991426148897,-0.6050991426148897,10.19
1.5 °C,PAS,Gross emissions,84.29151794726495,89.96452068436587,5.673002737100916,5.673002737100916,10.19
1.5 °C,PAS,Novel CDR,14.905591928469857,15.546236653562879,0.6406447250930221,-0.6406447250930221,10.19
1.5 °C,RCPA,CCS,1.5864701854245773,1.2742974913091403,-0.312172694115437,0.312172694115437,7.19
1.5 °C,RCPA,Conventional CDR,11.192666680909992,10.876538026908941,-0.3161286540010515,0.3161286540010515,7.19
1.5 °C,RCPA,Gross emissions,20.83441002211174,16.323385699519253,-4.511024322592487,-4.511024322592487,7.19
1.5 °C,RCPA,Novel CDR,2.131118282551566,2.454992809629396,0.3238745270778298,-0.3238745270778298,7.19
1.5 °C,SAS,CCS,1.8469578501619486,1.9716967838619845,0.12473893370003597,-0.12473893370003597,11.19
1.5 °C,SAS,Conventional CDR,32.364510853680784,32.06001186089786,-0.3044989927829249,0.3044989927829249,11.19
1.5 °C,SAS,Gross emissions,120.75851383802278,146.68549748413238,25.926983646109605,25.926983646109605,11.19
1.5 °C,SAS,Novel CDR,3.3307104484121854,3.139248729693857,-0.1914617187183283,0.1914617187183283,11.19
1.5 °C,WEU,CCS,3.0900892070488033,2.2183818726767446,-0.8717073343720587,0.8717073343720587,2.19
1.5 °C,WEU,Conventional CDR,15.88790735830248,15.894829028690156,0.006921670387676215,-0.006921670387676215,2.19
1.5 °C,WEU,Gross emissions,66.56416496491454,62.795802110399826,-3.768362854514713,-3.768362854514713,2.19
1.5 °C,WEU,Novel CDR,8.452517147381426,9.310299677776172,0.8577825303947453,-0.8577825303947453,2.19
