model,scenario_set,variant,region,variable,unit,year,value,state,principle,start,src,ratio,grp,lab,ypos
SSP_SSP2_v6.5_ES,800fm_ecpc1990,L. SSP2-2C-ECPC1990,CHN,Price|Carbon,US$2010/t CO2,2030,144.4481078978312,Lowest-f. (L),ECPC,1990,38.00703055169213,3.800562838008931,Higher resp.,ECPC 1990,7.15
SSP_SSP2_v6.5_ES,800fm_ecpc1990,L. SSP2-2C-ECPC1990,EEU,Price|Carbon,US$2010/t CO2,2030,144.4481078978313,Lowest-f. (L),ECPC,1990,38.00703055169213,3.800562838008934,Higher resp.,ECPC 1990,7.15
SSP_SSP2_v6.5_ES,800fm_ecpc1990,L. SSP2-2C-ECPC1990,FSU,Price|Carbon,US$2010/t CO2,2030,144.4481078978312,Lowest-f. (L),ECPC,1990,38.00703055169213,3.800562838008931,Higher resp.,ECPC 1990,7.15
SSP_SSP2_v6.5_ES,800fm_ecpc1990,L. SSP2-2C-ECPC1990,LAM,Price|Carbon,US$2010/t CO2,2030,37.01566210962856,Lowest-f. (L),ECPC,1990,38.00703055169213,0.9739161826726966,Lower resp.,ECPC 1990,6.85
SSP_SSP2_v6.5_ES,800fm_ecpc1990,L. SSP2-2C-ECPC1990,MEA,Price|Carbon,US$2010/t CO2,2030,54.46516567082694,Lowest-f. (L),ECPC,1990,38.00703055169213,1.4330287023278663,Higher resp.,ECPC 1990,7.15
SSP_SSP2_v6.5_ES,800fm_ecpc1990,L. SSP2-2C-ECPC1990,NAM,Price|Carbon,US$2010/t CO2,2030,144.4481078978312,Lowest-f. (L),ECPC,1990,38.00703055169213,3.800562838008931,Higher resp.,ECPC 1990,7.15
SSP_SSP2_v6.5_ES,800fm_ecpc1990,L. SSP2-2C-ECPC1990,PAS,Price|Carbon,US$2010/t CO2,2030,26.8903765398553,Lowest-f. (L),ECPC,1990,38.00703055169213,0.7075105881603292,Lower resp.,ECPC 1990,6.85
SSP_SSP2_v6.5_ES,800fm_ecpc1990,L. SSP2-2C-ECPC1990,PAO,Price|Carbon,US$2010/t CO2,2030,144.4481078978312,Lowest-f. (L),ECPC,1990,38.00703055169213,3.800562838008931,Higher resp.,ECPC 1990,7.15
SSP_SSP2_v6.5_ES,800fm_ecpc1990,L. SSP2-2C-ECPC1990,RCPA,Price|Carbon,US$2010/t CO2,2030,36.94563886863676,Lowest-f. (L),ECPC,1990,38.00703055169213,0.9720738066707999,Higher resp.,ECPC 1990,7.15
SSP_SSP2_v6.5_ES,800fm_ecpc1990,L. SSP2-2C-ECPC1990,SAS,Price|Carbon,US$2010/t CO2,2030,15.34292232535042,Lowest-f. (L),ECPC,1990,38.00703055169213,0.40368642597539967,Lower resp.,ECPC 1990,6.85
SSP_SSP2_v6.5_ES,800fm_ecpc1990,L. SSP2-2C-ECPC1990,AFR,Price|Carbon,US$2010/t CO2,2030,15.34292232535043,Lowest-f. (L),ECPC,1990,38.00703055169213,0.40368642597539994,Lower resp.,ECPC 1990,6.85
SSP_SSP2_v6.5_ES,800fm_ecpc1990,L. SSP2-2C-ECPC1990,WEU,Price|Carbon,US$2010/t CO2,2030,144.4481078978312,Lowest-f. (L),ECPC,1990,38.00703055169213,3.800562838008931,Higher resp.,ECPC 1990,7.15
SSP_SSP2_v6.5_ES,800fm_ecpc2015,L. SSP2-2C-ECPC2015,CHN,Price|Carbon,US$2010/t CO2,2030,56.12206928968542,Lowest-f. (L),ECPC,2015,38.00703055169213,1.476623363494699,Higher resp.,ECPC 2015,5.15
SSP_SSP2_v6.5_ES,800fm_ecpc2015,L. SSP2-2C-ECPC2015,EEU,Price|Carbon,US$2010/t CO2,2030,56.12206928968542,Lowest-f. (L),ECPC,2015,38.00703055169213,1.476623363494699,Higher resp.,ECPC 2015,5.15
SSP_SSP2_v6.5_ES,800fm_ecpc2015,L. SSP2-2C-ECPC2015,FSU,Price|Carbon,US$2010/t CO2,2030,36.35752799781676,Lowest-f. (L),ECPC,2015,38.00703055169213,0.9566000676734812,Higher resp.,ECPC 2015,5.15
SSP_SSP2_v6.5_ES,800fm_ecpc2015,L. SSP2-2C-ECPC2015,LAM,Price|Carbon,US$2010/t CO2,2030,37.58036253049822,Lowest-f. (L),ECPC,2015,38.00703055169213,0.9887739711574254,Lower resp.,ECPC 2015,4.85
SSP_SSP2_v6.5_ES,800fm_ecpc2015,L. SSP2-2C-ECPC2015,MEA,Price|Carbon,US$2010/t CO2,2030,56.12206928968542,Lowest-f. (L),ECPC,2015,38.00703055169213,1.476623363494699,Higher resp.,ECPC 2015,5.15
SSP_SSP2_v6.5_ES,800fm_ecpc2015,L. SSP2-2C-ECPC2015,NAM,Price|Carbon,US$2010/t CO2,2030,56.12206928968542,Lowest-f. (L),ECPC,2015,38.00703055169213,1.476623363494699,Higher resp.,ECPC 2015,5.15
SSP_SSP2_v6.5_ES,800fm_ecpc2015,L. SSP2-2C-ECPC2015,PAS,Price|Carbon,US$2010/t CO2,2030,31.94113568809412,Lowest-f. (L),ECPC,2015,38.00703055169213,0.8404007159846917,Lower resp.,ECPC 2015,4.85
SSP_SSP2_v6.5_ES,800fm_ecpc2015,L. SSP2-2C-ECPC2015,PAO,Price|Carbon,US$2010/t CO2,2030,36.50561049571844,Lowest-f. (L),ECPC,2015,38.00703055169213,0.9604962546618406,Higher resp.,ECPC 2015,5.15
SSP_SSP2_v6.5_ES,800fm_ecpc2015,L. SSP2-2C-ECPC2015,RCPA,Price|Carbon,US$2010/t CO2,2030,56.12206928968542,Lowest-f. (L),ECPC,2015,38.00703055169213,1.476623363494699,Higher resp.,ECPC 2015,5.15
SSP_SSP2_v6.5_ES,800fm_ecpc2015,L. SSP2-2C-ECPC2015,SAS,Price|Carbon,US$2010/t CO2,2030,24.59046644015938,Lowest-f. (L),ECPC,2015,38.00703055169213,0.6469978339064053,Lower resp.,ECPC 2015,4.85
SSP_SSP2_v6.5_ES,800fm_ecpc2015,L. SSP2-2C-ECPC2015,AFR,Price|Carbon,US$2010/t CO2,2030,24.59046644015937,Lowest-f. (L),ECPC,2015,38.00703055169213,0.6469978339064051,Lower resp.,ECPC 2015,4.85
SSP_SSP2_v6.5_ES,800fm_ecpc2015,L. SSP2-2C-ECPC2015,WEU,Price|Carbon,US$2010/t CO2,2030,56.12206928968541,Lowest-f. (L),ECPC,2015,38.00703055169213,1.4766233634946988,Higher resp.,ECPC 2015,5.15
SSP_SSP2_v6.5_ES,800fm_ecpc2025,L. SSP2-2C-ECPC2025,CHN,Price|Carbon,US$2010/t CO2,2030,88.86800142605132,Lowest-f. (L),ECPC,2025,38.00703055169213,2.3381990157106545,Higher resp.,ECPC 2025,2.15
SSP_SSP2_v6.5_ES,800fm_ecpc2025,L. SSP2-2C-ECPC2025,EEU,Price|Carbon,US$2010/t CO2,2030,88.86800142605132,Lowest-f. (L),ECPC,2025,38.00703055169213,2.3381990157106545,Higher resp.,ECPC 2025,2.15
SSP_SSP2_v6.5_ES,800fm_ecpc2025,L. SSP2-2C-ECPC2025,FSU,Price|Carbon,US$2010/t CO2,2030,30.15168839874438,Lowest-f. (L),ECPC,2025,38.00703055169213,0.7933187086988036,Higher resp.,ECPC 2025,2.15
SSP_SSP2_v6.5_ES,800fm_ecpc2025,L. SSP2-2C-ECPC2025,LAM,Price|Carbon,US$2010/t CO2,2030,40.6633756761593,Lowest-f. (L),ECPC,2025,38.00703055169213,1.0698908882359108,Lower resp.,ECPC 2025,1.85
SSP_SSP2_v6.5_ES,800fm_ecpc2025,L. SSP2-2C-ECPC2025,MEA,Price|Carbon,US$2010/t CO2,2030,58.79862670545303,Lowest-f. (L),ECPC,2025,38.00703055169213,1.5470460557417902,Higher resp.,ECPC 2025,2.15
SSP_SSP2_v6.5_ES,800fm_ecpc2025,L. SSP2-2C-ECPC2025,NAM,Price|Carbon,US$2010/t CO2,2030,88.86800142605132,Lowest-f. (L),ECPC,2025,38.00703055169213,2.3381990157106545,Higher resp.,ECPC 2025,2.15
SSP_SSP2_v6.5_ES,800fm_ecpc2025,L. SSP2-2C-ECPC2025,PAS,Price|Carbon,US$2010/t CO2,2030,32.68706984023865,Lowest-f. (L),ECPC,2025,38.00703055169213,0.8600269309590505,Lower resp.,ECPC 2025,1.85
SSP_SSP2_v6.5_ES,800fm_ecpc2025,L. SSP2-2C-ECPC2025,PAO,Price|Carbon,US$2010/t CO2,2030,30.25988695770023,Lowest-f. (L),ECPC,2025,38.00703055169213,0.7961655124976085,Higher resp.,ECPC 2025,2.15
SSP_SSP2_v6.5_ES,800fm_ecpc2025,L. SSP2-2C-ECPC2025,RCPA,Price|Carbon,US$2010/t CO2,2030,86.00982108867404,Lowest-f. (L),ECPC,2025,38.00703055169213,2.262997657017558,Higher resp.,ECPC 2025,2.15
SSP_SSP2_v6.5_ES,800fm_ecpc2025,L. SSP2-2C-ECPC2025,SAS,Price|Carbon,US$2010/t CO2,2030,20.66566550927235,Lowest-f. (L),ECPC,2025,38.00703055169213,0.5437327044312407,Lower resp.,ECPC 2025,1.85
SSP_SSP2_v6.5_ES,800fm_ecpc2025,L. SSP2-2C-ECPC2025,AFR,Price|Carbon,US$2010/t CO2,2030,19.91773079748305,Lowest-f. (L),ECPC,2025,38.00703055169213,0.5240538528889698,Lower resp.,ECPC 2025,1.85
SSP_SSP2_v6.5_ES,800fm_ecpc2025,L. SSP2-2C-ECPC2025,WEU,Price|Carbon,US$2010/t CO2,2030,71.32453568069079,Lowest-f. (L),ECPC,2025,38.00703055169213,1.8766142643973356,Higher resp.,ECPC 2025,2.15
SSP_SSP2_v6.5_ES,800fm_capc1990,L. SSP2-2C-CAPC1990,CHN,Price|Carbon,US$2010/t CO2,2030,83.50560949317278,Lowest-f. (L),CAPC,1990,38.00703055169213,2.19710954213062,Higher resp.,CAPC 1990,6.15
SSP_SSP2_v6.5_ES,800fm_capc1990,L. SSP2-2C-CAPC1990,EEU,Price|Carbon,US$2010/t CO2,2030,83.50560949317278,Lowest-f. (L),CAPC,1990,38.00703055169213,2.19710954213062,Higher resp.,CAPC 1990,6.15
SSP_SSP2_v6.5_ES,800fm_capc1990,L. SSP2-2C-CAPC1990,FSU,Price|Carbon,US$2010/t CO2,2030,83.50560949317278,Lowest-f. (L),CAPC,1990,38.00703055169213,2.19710954213062,Higher resp.,CAPC 1990,6.15
SSP_SSP2_v6.5_ES,800fm_capc1990,L. SSP2-2C-CAPC1990,LAM,Price|Carbon,US$2010/t CO2,2030,83.50560949317278,Lowest-f. (L),CAPC,1990,38.00703055169213,2.19710954213062,Lower resp.,CAPC 1990,5.85
SSP_SSP2_v6.5_ES,800fm_capc1990,L. SSP2-2C-CAPC1990,MEA,Price|Carbon,US$2010/t CO2,2030,83.50560949317278,Lowest-f. (L),CAPC,1990,38.00703055169213,2.19710954213062,Higher resp.,CAPC 1990,6.15
SSP_SSP2_v6.5_ES,800fm_capc1990,L. SSP2-2C-CAPC1990,NAM,Price|Carbon,US$2010/t CO2,2030,83.50560949317278,Lowest-f. (L),CAPC,1990,38.00703055169213,2.19710954213062,Higher resp.,CAPC 1990,6.15
SSP_SSP2_v6.5_ES,800fm_capc1990,L. SSP2-2C-CAPC1990,PAS,Price|Carbon,US$2010/t CO2,2030,83.50560949317278,Lowest-f. (L),CAPC,1990,38.00703055169213,2.19710954213062,Lower resp.,CAPC 1990,5.85
SSP_SSP2_v6.5_ES,800fm_capc1990,L. SSP2-2C-CAPC1990,PAO,Price|Carbon,US$2010/t CO2,2030,83.50560949317278,Lowest-f. (L),CAPC,1990,38.00703055169213,2.19710954213062,Higher resp.,CAPC 1990,6.15
SSP_SSP2_v6.5_ES,800fm_capc1990,L. SSP2-2C-CAPC1990,RCPA,Price|Carbon,US$2010/t CO2,2030,32.98009314337475,Lowest-f. (L),CAPC,1990,38.00703055169213,0.8677366441064002,Higher resp.,CAPC 1990,6.15
SSP_SSP2_v6.5_ES,800fm_capc1990,L. SSP2-2C-CAPC1990,SAS,Price|Carbon,US$2010/t CO2,2030,14.32238672246564,Lowest-f. (L),CAPC,1990,38.00703055169213,0.3768351937672748,Lower resp.,CAPC 1990,5.85
SSP_SSP2_v6.5_ES,800fm_capc1990,L. SSP2-2C-CAPC1990,AFR,Price|Carbon,US$2010/t CO2,2030,14.32238672246564,Lowest-f. (L),CAPC,1990,38.00703055169213,0.3768351937672748,Lower resp.,CAPC 1990,5.85
SSP_SSP2_v6.5_ES,800fm_capc1990,L. SSP2-2C-CAPC1990,WEU,Price|Carbon,US$2010/t CO2,2030,83.50560949317278,Lowest-f. (L),CAPC,1990,38.00703055169213,2.19710954213062,Higher resp.,CAPC 1990,6.15
SSP_SSP2_v6.5_ES,800fm_capc2015,L. SSP2-2C-CAPC2015,CHN,Price|Carbon,US$2010/t CO2,2030,141.1226043908212,Lowest-f. (L),CAPC,2015,38.00703055169213,3.713065776051221,Higher resp.,CAPC 2015,3.15
SSP_SSP2_v6.5_ES,800fm_capc2015,L. SSP2-2C-CAPC2015,EEU,Price|Carbon,US$2010/t CO2,2030,141.1226043908217,Lowest-f. (L),CAPC,2015,38.00703055169213,3.713065776051234,Higher resp.,CAPC 2015,3.15
SSP_SSP2_v6.5_ES,800fm_capc2015,L. SSP2-2C-CAPC2015,FSU,Price|Carbon,US$2010/t CO2,2030,60.97322859190998,Lowest-f. (L),CAPC,2015,38.00703055169213,1.6042618354249556,Higher resp.,CAPC 2015,3.15
SSP_SSP2_v6.5_ES,800fm_capc2015,L. SSP2-2C-CAPC2015,LAM,Price|Carbon,US$2010/t CO2,2030,140.033211921254,Lowest-f. (L),CAPC,2015,38.00703055169213,3.684402856224176,Lower resp.,CAPC 2015,2.85
SSP_SSP2_v6.5_ES,800fm_capc2015,L. SSP2-2C-CAPC2015,MEA,Price|Carbon,US$2010/t CO2,2030,141.1226043908212,Lowest-f. (L),CAPC,2015,38.00703055169213,3.713065776051221,Higher resp.,CAPC 2015,3.15
SSP_SSP2_v6.5_ES,800fm_capc2015,L. SSP2-2C-CAPC2015,NAM,Price|Carbon,US$2010/t CO2,2030,141.1226043908213,Lowest-f. (L),CAPC,2015,38.00703055169213,3.713065776051223,Higher resp.,CAPC 2015,3.15
SSP_SSP2_v6.5_ES,800fm_capc2015,L. SSP2-2C-CAPC2015,PAS,Price|Carbon,US$2010/t CO2,2030,141.122604390821,Lowest-f. (L),CAPC,2015,38.00703055169213,3.7130657760512156,Lower resp.,CAPC 2015,2.85
SSP_SSP2_v6.5_ES,800fm_capc2015,L. SSP2-2C-CAPC2015,PAO,Price|Carbon,US$2010/t CO2,2030,141.1226043908217,Lowest-f. (L),CAPC,2015,38.00703055169213,3.713065776051234,Higher resp.,CAPC 2015,3.15
SSP_SSP2_v6.5_ES,800fm_capc2015,L. SSP2-2C-CAPC2015,RCPA,Price|Carbon,US$2010/t CO2,2030,141.1226043908212,Lowest-f. (L),CAPC,2015,38.00703055169213,3.713065776051221,Higher resp.,CAPC 2015,3.15
SSP_SSP2_v6.5_ES,800fm_capc2015,L. SSP2-2C-CAPC2015,SAS,Price|Carbon,US$2010/t CO2,2030,14.67034798723376,Lowest-f. (L),CAPC,2015,38.00703055169213,0.38599037531440644,Lower resp.,CAPC 2015,2.85
SSP_SSP2_v6.5_ES,800fm_capc2015,L. SSP2-2C-CAPC2015,AFR,Price|Carbon,US$2010/t CO2,2030,7.84444385777871,Lowest-f. (L),CAPC,2015,38.00703055169213,0.20639454711174388,Lower resp.,CAPC 2015,2.85
SSP_SSP2_v6.5_ES,800fm_capc2015,L. SSP2-2C-CAPC2015,WEU,Price|Carbon,US$2010/t CO2,2030,141.1226043908212,Lowest-f. (L),CAPC,2015,38.00703055169213,3.713065776051221,Higher resp.,CAPC 2015,3.15
SSP_SSP2_v6.5_ES,800fm_capc2025,L. SSP2-2C-CAPC2025,CHN,Price|Carbon,US$2010/t CO2,2030,97.93483840726115,Lowest-f. (L),CAPC,2025,38.00703055169213,2.5767558524221763,Higher resp.,CAPC 2025,1.15
SSP_SSP2_v6.5_ES,800fm_capc2025,L. SSP2-2C-CAPC2025,EEU,Price|Carbon,US$2010/t CO2,2030,97.93483840726118,Lowest-f. (L),CAPC,2025,38.00703055169213,2.5767558524221768,Higher resp.,CAPC 2025,1.15
SSP_SSP2_v6.5_ES,800fm_capc2025,L. SSP2-2C-CAPC2025,FSU,Price|Carbon,US$2010/t CO2,2030,36.25610325435234,Lowest-f. (L),CAPC,2025,38.00703055169213,0.9539314892028091,Higher resp.,CAPC 2025,1.15
SSP_SSP2_v6.5_ES,800fm_capc2025,L. SSP2-2C-CAPC2025,LAM,Price|Carbon,US$2010/t CO2,2030,97.9348384072612,Lowest-f. (L),CAPC,2025,38.00703055169213,2.576755852422177,Lower resp.,CAPC 2025,0.85
SSP_SSP2_v6.5_ES,800fm_capc2025,L. SSP2-2C-CAPC2025,MEA,Price|Carbon,US$2010/t CO2,2030,97.93483840726115,Lowest-f. (L),CAPC,2025,38.00703055169213,2.5767558524221763,Higher resp.,CAPC 2025,1.15
SSP_SSP2_v6.5_ES,800fm_capc2025,L. SSP2-2C-CAPC2025,NAM,Price|Carbon,US$2010/t CO2,2030,97.93483840726113,Lowest-f. (L),CAPC,2025,38.00703055169213,2.5767558524221754,Higher resp.,CAPC 2025,1.15
SSP_SSP2_v6.5_ES,800fm_capc2025,L. SSP2-2C-CAPC2025,PAS,Price|Carbon,US$2010/t CO2,2030,97.93483840726113,Lowest-f. (L),CAPC,2025,38.00703055169213,2.5767558524221754,Lower resp.,CAPC 2025,0.85
SSP_SSP2_v6.5_ES,800fm_capc2025,L. SSP2-2C-CAPC2025,PAO,Price|Carbon,US$2010/t CO2,2030,48.61097416660092,Lowest-f. (L),CAPC,2025,38.00703055169213,1.2789995287973552,Higher resp.,CAPC 2025,1.15
SSP_SSP2_v6.5_ES,800fm_capc2025,L. SSP2-2C-CAPC2025,RCPA,Price|Carbon,US$2010/t CO2,2030,97.93483840726118,Lowest-f. (L),CAPC,2025,38.00703055169213,2.5767558524221768,Higher resp.,CAPC 2025,1.15
SSP_SSP2_v6.5_ES,800fm_capc2025,L. SSP2-2C-CAPC2025,SAS,Price|Carbon,US$2010/t CO2,2030,26.24861985893113,Lowest-f. (L),CAPC,2025,38.00703055169213,0.6906253784607358,Lower resp.,CAPC 2025,0.85
SSP_SSP2_v6.5_ES,800fm_capc2025,L. SSP2-2C-CAPC2025,AFR,Price|Carbon,US$2010/t CO2,2030,7.720746256890958,Lowest-f. (L),CAPC,2025,38.00703055169213,0.2031399492362399,Lower resp.,CAPC 2025,0.85
SSP_SSP2_v6.5_ES,800fm_capc2025,L. SSP2-2C-CAPC2025,WEU,Price|Carbon,US$2010/t CO2,2030,97.9348384072612,Lowest-f. (L),CAPC,2025,38.00703055169213,2.576755852422177,Higher resp.,CAPC 2025,1.15
SSP_SSP2_v6.5_ES,800fm_ecpc2015,L. SSP2-2C-ECPC2015-Delay,CHN,Price|Carbon,US$2010/t CO2,2030,96.55442317400772,Lowest-f. (L),ECPC,2015*,38.00703055169213,2.5404358554843474,Higher resp.,ECPC 2015*,4.15
SSP_SSP2_v6.5_ES,800fm_ecpc2015,L. SSP2-2C-ECPC2015-Delay,EEU,Price|Carbon,US$2010/t CO2,2030,96.55442317400772,Lowest-f. (L),ECPC,2015*,38.00703055169213,2.5404358554843474,Higher resp.,ECPC 2015*,4.15
SSP_SSP2_v6.5_ES,800fm_ecpc2015,L. SSP2-2C-ECPC2015-Delay,FSU,Price|Carbon,US$2010/t CO2,2030,34.86432788428925,Lowest-f. (L),ECPC,2015*,38.00703055169213,0.9173125965963431,Higher resp.,ECPC 2015*,4.15
SSP_SSP2_v6.5_ES,800fm_ecpc2015,L. SSP2-2C-ECPC2015-Delay,LAM,Price|Carbon,US$2010/t CO2,2030,37.60358911228192,Lowest-f. (L),ECPC,2015*,38.00703055169213,0.9893850839291034,Lower resp.,ECPC 2015*,3.85
SSP_SSP2_v6.5_ES,800fm_ecpc2015,L. SSP2-2C-ECPC2015-Delay,MEA,Price|Carbon,US$2010/t CO2,2030,64.83085213469205,Lowest-f. (L),ECPC,2015*,38.00703055169213,1.7057594659103323,Higher resp.,ECPC 2015*,4.15
SSP_SSP2_v6.5_ES,800fm_ecpc2015,L. SSP2-2C-ECPC2015-Delay,NAM,Price|Carbon,US$2010/t CO2,2030,96.55442317400772,Lowest-f. (L),ECPC,2015*,38.00703055169213,2.5404358554843474,Higher resp.,ECPC 2015*,4.15
SSP_SSP2_v6.5_ES,800fm_ecpc2015,L. SSP2-2C-ECPC2015-Delay,PAS,Price|Carbon,US$2010/t CO2,2030,31.06693186864141,Lowest-f. (L),ECPC,2015*,38.00703055169213,0.8173996078538228,Lower resp.,ECPC 2015*,3.85
SSP_SSP2_v6.5_ES,800fm_ecpc2015,L. SSP2-2C-ECPC2015-Delay,PAO,Price|Carbon,US$2010/t CO2,2030,34.53883320972628,Lowest-f. (L),ECPC,2015*,38.00703055169213,0.9087485317420715,Higher resp.,ECPC 2015*,4.15
SSP_SSP2_v6.5_ES,800fm_ecpc2015,L. SSP2-2C-ECPC2015-Delay,RCPA,Price|Carbon,US$2010/t CO2,2030,70.11251065661813,Lowest-f. (L),ECPC,2015*,38.00703055169213,1.8447247690466206,Higher resp.,ECPC 2015*,4.15
SSP_SSP2_v6.5_ES,800fm_ecpc2015,L. SSP2-2C-ECPC2015-Delay,SAS,Price|Carbon,US$2010/t CO2,2030,18.25050354926903,Lowest-f. (L),ECPC,2015*,38.00703055169213,0.4801875675198332,Lower resp.,ECPC 2015*,3.85
SSP_SSP2_v6.5_ES,800fm_ecpc2015,L. SSP2-2C-ECPC2015-Delay,AFR,Price|Carbon,US$2010/t CO2,2030,18.25050354926903,Lowest-f. (L),ECPC,2015*,38.00703055169213,0.4801875675198332,Lower resp.,ECPC 2015*,3.85
SSP_SSP2_v6.5_ES,800fm_ecpc2015,L. SSP2-2C-ECPC2015-Delay,WEU,Price|Carbon,US$2010/t CO2,2030,96.55442317400772,Lowest-f. (L),ECPC,2015*,38.00703055169213,2.5404358554843474,Higher resp.,ECPC 2015*,4.15
