model,scenario,region,variable,unit,2020,2025,2030,2035,2040,2045,2050,2055,2060,2070,2080,2090,2100
MESSAGEix-GLOBIOM-GAINS 2.1-M-R12,SSP2 - Low Emissions,AFR,Carbon Capture|Geological Storage,Mt CO2/yr,0.0,0.0,16.99204695203432,34.93341144376749,80.45379105562468,150.0236074628113,266.2900324094006,445.6236855894761,674.73307234494,1537.313281644021,2096.73668098271,2306.29222447546,2253.348606256325
MESSAGEix-GLOBIOM-GAINS 2.1-M-R12,SSP2 - Low Emissions,AFR,Carbon Removal|Geological Storage,Mt CO2/yr,0.0,0.0,4.678199991652494,11.57702990576232,24.42553577195348,46.85401146257939,86.0053748229417,154.348372096527,273.6485669159511,687.8335150269377,1003.890589846702,1177.577442599187,1204.631747402229
MESSAGEix-GLOBIOM-GAINS 2.1-M-R12,SSP2 - Low Emissions,AFR,Emissions|CH4,Mt CH4/yr,31.50918239938694,33.62781465859052,31.73290455289952,32.00448439371422,31.35858577343032,31.35692842074344,31.91925950960094,32.81594153466873,32.2608400554389,31.52194869985601,32.12619238455984,33.78330386458232,37.1006260247231
MESSAGEix-GLOBIOM-GAINS 2.1-M-R12,SSP2 - Low Emissions,AFR,Emissions|CO2,Mt CO2/yr,2615.821925334785,2715.745570335876,1974.579117186964,1718.763783316964,1493.602965276442,1435.646069755618,1347.884763803533,1300.453378249058,1066.418450545517,117.4349592514735,-603.8021655373828,-833.4847348269956,-643.5185746233497
MESSAGEix-GLOBIOM-GAINS 2.1-M-R12,SSP2 - Low Emissions,AFR,Emissions|CO2|Energy and Industrial Processes,Mt CO2/yr,656.8673315244243,843.3698166750913,604.9063977812283,630.5565011094474,686.297189232878,723.6576833312471,730.205754125032,717.8758452307369,519.5638112505685,-55.08383158547838,-412.9280041457175,-456.3062449452495,-197.2785708571624
MESSAGEix-GLOBIOM-GAINS 2.1-M-R12,SSP2 - Low Emissions,AFR,Emissions|Kyoto Gases,Mt CO2-equiv/yr,3764.389896053684,3934.554536421126,3131.838365108008,2886.37429181477,2646.703976811614,2594.686734493341,2527.504146924852,2509.955676473503,2269.400268366689,1323.305665547279,645.6279087348119,489.7939236631768,790.0041192836218
MESSAGEix-GLOBIOM-GAINS 2.1-M-R12,SSP2 - Low Emissions,AFR,Emissions|N2O,kt N2O/yr,1155.513671069114,1199.565503473515,1179.720054653447,1183.288860176702,1179.848110918655,1186.849904340564,1194.575056027912,1198.651207408722,1198.243981363525,1202.330319494403,1217.80928159275,1237.142648526557,1235.68942138694
MESSAGEix-GLOBIOM-GAINS 2.1-M-R12,SSP2 - Low Emissions,AFR,Primary Energy|Coal,EJ/yr,2.830686039327948,2.616403708817085,0.606378792443194,0.32983719669231104,0.390342626702039,0.45606151928333305,0.5310641721961651,0.63997154249103,0.591218139460379,0.029520456381986002,0.001662398980396,9.361252477995122e-05,5.271650291186656e-06
MESSAGEix-GLOBIOM-GAINS 2.1-M-R12,SSP2 - Low Emissions,AFR,Primary Energy|Gas,EJ/yr,1.253239992936834,1.857713820439054,1.162243021647599,1.516215696844753,2.67504872811638,4.188329867293914,6.713785203944828,10.03910479065275,11.5054656132866,18.00642025345355,21.20728596215688,23.91416827232472,26.92636544710003
MESSAGEix-GLOBIOM-GAINS 2.1-M-R12,SSP2 - Low Emissions,AFR,Primary Energy|Oil,EJ/yr,4.828223063478935,5.826390544580508,5.756038072287606,6.056172403814391,5.9810855370360825,5.561055813640436,4.5572984385142075,3.524156071458671,2.321564501062069,1.073458565485257,0.596081667335652,0.13729493779874602,0.12019250386999
MESSAGEix-GLOBIOM-GAINS 2.1-M-R12,SSP2 - Low Emissions,AFR,Secondary Energy|Electricity|Biomass,EJ/yr,0.00912833939015,0.022474084486518,0.044821503180178,0.019067404146218003,0.029748821243464,0.048417008533869,0.066889763248883,0.08670326553759801,0.13693502399662502,0.30225767847489005,0.489482941764013,0.647168273597668,0.6876353614925551
MESSAGEix-GLOBIOM-GAINS 2.1-M-R12,SSP2 - Low Emissions,AFR,Secondary Energy|Electricity|Geothermal,EJ/yr,0.019725389634703,0.02870905776651,0.029961496712497003,0.028064036317964003,0.031995290050747,0.0370242062639,0.042384232401354006,0.048231746110101004,0.054032939865499,0.068148488819374,0.08298187493160801,0.11122321891360401,0.144670835954606
MESSAGEix-GLOBIOM-GAINS 2.1-M-R12,SSP2 - Low Emissions,AFR,Secondary Energy|Electricity|Hydro,EJ/yr,0.432841645187912,0.434159029589315,1.130709,1.3382422,1.5457754,1.7348577,1.92394,2.069024,2.214108,2.4087098,2.527931,2.5966882,2.635167
MESSAGEix-GLOBIOM-GAINS 2.1-M-R12,SSP2 - Low Emissions,AFR,Secondary Energy|Electricity|Solar,EJ/yr,0.027033931294799002,0.066694574835199,0.5591102083232591,0.995831874804842,1.416332806138366,2.191824417147863,2.906970278780848,4.516245858306933,6.7382603773512715,13.22443360954133,21.50434467693508,29.6459599137566,37.14234529287553
MESSAGEix-GLOBIOM-GAINS 2.1-M-R12,SSP2 - Low Emissions,AFR,Secondary Energy|Electricity|Wind,EJ/yr,0.005098210442599001,0.008998134911999,0.10878559577712,0.320075354678711,0.7738431512244061,1.210024160314912,1.564105560992459,2.672211001441837,4.851639136282377,11.76279565102976,19.9432541989142,30.08885625508598,41.1296553448355
MESSAGEix-GLOBIOM-GAINS 2.1-M-R12,SSP2 - Low Emissions,CHN,Carbon Capture|Geological Storage,Mt CO2/yr,0.0,0.0,0.0,4.216560773990403,11.57702990576232,27.42812240540343,64.00493175512128,120.3958553829722,256.0425726145127,968.0134648131021,756.2920964653556,443.8339620763576,236.7339409012661
MESSAGEix-GLOBIOM-GAINS 2.1-M-R12,SSP2 - Low Emissions,CHN,Carbon Removal|Geological Storage,Mt CO2/yr,0.0,0.0,0.0,4.216560773990403,11.57702990576232,24.42553577195348,46.85401146257939,86.0053748229417,154.348372096527,672.8647378949559,694.0709899260889,398.6530333091695,220.9803251364537
MESSAGEix-GLOBIOM-GAINS 2.1-M-R12,SSP2 - Low Emissions,CHN,Emissions|CH4,Mt CH4/yr,54.14501676816143,56.01726929215767,56.6055352513136,51.57256130953046,47.56161497575248,44.32598963063551,41.37996390312285,38.21447635467944,29.38677164538338,23.52896860515918,19.79210419264731,16.89139718595614,15.43704760425955
MESSAGEix-GLOBIOM-GAINS 2.1-M-R12,SSP2 - Low Emissions,CHN,Emissions|CO2,Mt CO2/yr,11679.83401475874,11695.08706351872,10952.21039957967,8954.711681455821,6734.528423493126,4664.686875285081,2821.343217770553,1391.108470530056,563.674611457506,-842.895992559302,-742.5408904907465,-624.327424700296,-585.5284073647459
MESSAGEix-GLOBIOM-GAINS 2.1-M-R12,SSP2 - Low Emissions,CHN,Emissions|CO2|Energy and Industrial Processes,Mt CO2/yr,11791.31940215709,11819.22289923073,11089.70102924001,9253.917768527273,7196.52163099647,5320.501644879567,3670.781899648155,2261.035205418432,1454.39918422111,132.2474565374766,55.21822628295288,59.25161065302595,-22.68733627404592
MESSAGEix-GLOBIOM-GAINS 2.1-M-R12,SSP2 - Low Emissions,CHN,Emissions|Kyoto Gases,Mt CO2-equiv/yr,14212.80188818575,14536.86455635622,13990.09062902513,11737.02564628916,9393.125487130295,7233.691201379776,5298.755338115592,3765.593308554491,2679.689464191409,978.244005001013,930.0419260444758,901.1340398031218,831.6055822072722
MESSAGEix-GLOBIOM-GAINS 2.1-M-R12,SSP2 - Low Emissions,CHN,Emissions|N2O,kt N2O/yr,1934.770942367395,2054.444883485428,2154.547721371441,2081.105682802434,2013.525886808981,1875.330171294118,1762.906417597301,1662.839170658158,1572.801945084679,1424.068444804941,1295.678016873931,1169.111643589139,1067.579399285935
MESSAGEix-GLOBIOM-GAINS 2.1-M-R12,SSP2 - Low Emissions,CHN,Primary Energy|Coal,EJ/yr,89.12146547723302,85.44205376062061,73.4126053096532,53.23277124216404,35.73143686811503,25.39779477593381,12.3035840705364,2.758707202132502,0.5584325098810521,0.03077135706352,0.001732827208342,9.754870845273835e-05,5.493310628343341e-06
MESSAGEix-GLOBIOM-GAINS 2.1-M-R12,SSP2 - Low Emissions,CHN,Primary Energy|Gas,EJ/yr,12.40991068362404,19.20393956910391,24.53074477854697,30.09103095339941,30.32848131150061,25.23792788597277,21.34801049475386,15.86523118929879,11.84025140311692,6.304462617069513,4.605288508607319,2.404831490467675,0.793902846541612
MESSAGEix-GLOBIOM-GAINS 2.1-M-R12,SSP2 - Low Emissions,CHN,Primary Energy|Oil,EJ/yr,20.35996440356217,25.21860694151653,25.32257820612153,23.16921457584021,18.42328906182089,12.99372807508248,12.81013502149812,12.62196782318613,10.2174925642712,4.466855401489521,3.741864352218966,2.540373505966867,0.24401356831117801
MESSAGEix-GLOBIOM-GAINS 2.1-M-R12,SSP2 - Low Emissions,CHN,Secondary Energy|Electricity|Biomass,EJ/yr,0.488967359138519,0.22233566290085102,0.08172168497024601,0.027790073633312002,0.044238117942381,0.058353128043003,0.086720649986363,0.132216750389514,0.19591867714767602,0.37239538690738205,0.40968023435585904,0.332630081341558,0.37788554615790504
MESSAGEix-GLOBIOM-GAINS 2.1-M-R12,SSP2 - Low Emissions,CHN,Secondary Energy|Electricity|Geothermal,EJ/yr,0.0005149772765685247,0.0005549156031666274,0.0004656304196384933,0.0022649598290980003,0.004702946676916,0.008012524089713001,0.012427214434432001,0.017804064886826003,0.025897150491130002,0.053086726468508004,0.09955796424108,0.20174293068675903,0.37893570466366205
MESSAGEix-GLOBIOM-GAINS 2.1-M-R12,SSP2 - Low Emissions,CHN,Secondary Energy|Electricity|Hydro,EJ/yr,4.781994036115851,5.789892419999999,5.875438024187922,6.03417647358853,6.161759165358686,6.18445782,6.18758028,6.187864139999999,6.188148000000001,6.188148,6.188148,6.188148,6.188147999999999
MESSAGEix-GLOBIOM-GAINS 2.1-M-R12,SSP2 - Low Emissions,CHN,Secondary Energy|Electricity|Solar,EJ/yr,0.9379907428110311,3.435746011819028,8.43690818025415,13.22293541336615,17.53705968652357,22.02027068716258,23.47317243721886,24.26382261517135,24.06682111551088,23.49490402072918,22.76942099573913,21.92553215431771,22.63889740524429
MESSAGEix-GLOBIOM-GAINS 2.1-M-R12,SSP2 - Low Emissions,CHN,Secondary Energy|Electricity|Wind,EJ/yr,1.6815516794869971,4.405368024703576,6.60173234524984,7.530162191708902,9.780785396372407,11.43296891665624,15.85681887226367,19.59409211564225,20.37134661065534,22.46466953966362,23.94467906610852,25.70812041542565,25.23407289050395
MESSAGEix-GLOBIOM-GAINS 2.1-M-R12,SSP2 - Low Emissions,EEU,Carbon Capture|Geological Storage,Mt CO2/yr,0.0,0.0,107.9465732371254,76.82271634253996,49.93681602679779,37.07197154282375,50.63955880323503,90.93448513992661,81.54314598967787,58.2110750853895,18.28628808788796,2.907086673725085,1.013637922344792
MESSAGEix-GLOBIOM-GAINS 2.1-M-R12,SSP2 - Low Emissions,EEU,Carbon Removal|Geological Storage,Mt CO2/yr,0.0,0.0,4.216560773990403,8.16216762423121,16.20946283182126,28.03357962263144,45.40708640673112,70.93446771708409,68.59818174231742,57.03591716365213,17.1115776165971,2.497498265503782,0.8708237993683141
MESSAGEix-GLOBIOM-GAINS 2.1-M-R12,SSP2 - Low Emissions,EEU,Emissions|CH4,Mt CH4/yr,4.986538539813683,4.700222451947972,4.202789569374929,3.5394954104076812,3.013421550830101,2.72726854559159,2.345869741553877,2.158319396704087,2.202571851208948,2.42387840538866,2.651126968290435,2.389894305138753,2.066521350791605
MESSAGEix-GLOBIOM-GAINS 2.1-M-R12,SSP2 - Low Emissions,EEU,Emissions|CO2,Mt CO2/yr,800.0314541855806,732.3164412317406,393.9987116285583,326.8777091963444,227.64468152654,138.036191999674,44.91142428232591,-51.81588431676724,-49.26499776367276,-55.17430415330527,-1.302457842020918,-1.4142386357867431,-11.94579688406455
MESSAGEix-GLOBIOM-GAINS 2.1-M-R12,SSP2 - Low Emissions,EEU,Emissions|CO2|Energy and Industrial Processes,Mt CO2/yr,806.448551546766,740.4414789926213,413.2538315787907,365.708810118887,285.9387232141547,209.3352968998143,128.765458526578,29.98597220044519,31.71495291768127,20.95266274183457,72.2655148114417,76.5863746730554,66.9238571302629
MESSAGEix-GLOBIOM-GAINS 2.1-M-R12,SSP2 - Low Emissions,EEU,Emissions|Kyoto Gases,Mt CO2-equiv/yr,1008.466348792833,938.7756993991992,567.6232222433379,485.9218900485264,375.2346606690745,279.5004341698536,178.0229668217611,76.45622432312354,80.12572264112785,78.68171633641165,134.8526813987661,129.5090405786077,112.1775103771825
MESSAGEix-GLOBIOM-GAINS 2.1-M-R12,SSP2 - Low Emissions,EEU,Emissions|N2O,kt N2O/yr,195.2917649998973,213.7911054284536,220.1035699564633,227.7184976039814,234.0076645454237,237.8486190774585,242.1179652904694,241.9249650902985,242.26264611303,239.1760840894249,228.2125691735011,232.8269296407155,237.3797825027803
MESSAGEix-GLOBIOM-GAINS 2.1-M-R12,SSP2 - Low Emissions,EEU,Primary Energy|Coal,EJ/yr,3.427916241906987,3.307722086036482,2.185043584104657,1.097053109229863,0.432141615067887,0.134199393845397,0.022422518496713003,0.0005125875866623029,0.000121639437069277,6.849944228652705e-06,3.847365850758165e-07,1.794248532057636e-08,0.0
MESSAGEix-GLOBIOM-GAINS 2.1-M-R12,SSP2 - Low Emissions,EEU,Primary Energy|Gas,EJ/yr,2.376949746703308,2.438406189952828,1.589082830100571,1.61070873989787,1.62978205968727,1.410358293732679,1.176253968674638,0.759591872317889,0.8577559879966841,1.075195422295286,1.4200204249596031,1.235125678694078,1.004887442574317
MESSAGEix-GLOBIOM-GAINS 2.1-M-R12,SSP2 - Low Emissions,EEU,Primary Energy|Oil,EJ/yr,2.93375866223617,3.510335307743779,2.7874182609128613,3.05474693195127,2.480666192255864,1.797141058205331,1.226151145731732,0.8053132972693311,0.647805195660973,0.097648474300599,0.0,0.0,0.0
MESSAGEix-GLOBIOM-GAINS 2.1-M-R12,SSP2 - Low Emissions,EEU,Secondary Energy|Electricity|Biomass,EJ/yr,0.071349275979907,0.004717429711919001,0.000492331769480169,0.0,0.0007371833541402366,0.005596086751635,0.007570600998756001,0.018928698112295,0.020860268429734003,0.027827237473349004,0.031151510335054002,0.030426308145960004,0.030710071927609002
MESSAGEix-GLOBIOM-GAINS 2.1-M-R12,SSP2 - Low Emissions,EEU,Secondary Energy|Electricity|Geothermal,EJ/yr,5.6565596703518774e-05,1.4412995116015752e-05,0.0016194751823060002,0.0037061841116760004,0.006363851423846,0.010263598994507002,0.015966024075898002,0.023072580331453003,0.033325740408945,0.064690458480249,0.136276641621456,0.25527765538650704,0.31463557946881404
MESSAGEix-GLOBIOM-GAINS 2.1-M-R12,SSP2 - Low Emissions,EEU,Secondary Energy|Electricity|Hydro,EJ/yr,0.22552677000000002,0.22552677000000002,0.2750288,0.275175484571415,0.277963049426364,0.316030799999999,0.3277006,0.33653179999999905,0.34536299999999903,0.35829439999999996,0.36744099999999996,0.37374899999999905,0.37816459999999996
MESSAGEix-GLOBIOM-GAINS 2.1-M-R12,SSP2 - Low Emissions,EEU,Secondary Energy|Electricity|Solar,EJ/yr,0.041613019058199,0.134375550223229,0.9214446521350971,0.919194164459702,0.9285799811572131,1.121318137782259,1.250470845151318,1.29347039102387,1.288810355295047,1.581837438745637,1.592693153568794,1.607597287378576,1.6517683653217021
MESSAGEix-GLOBIOM-GAINS 2.1-M-R12,SSP2 - Low Emissions,EEU,Secondary Energy|Electricity|Wind,EJ/yr,0.11359483837979902,0.156817058831799,0.5595279161212721,0.559522871701984,0.559180369444642,0.559180369444642,0.6276640373308701,0.6786586360717941,0.695294521420714,1.338505322461884,1.294752941714848,1.259460149993896,1.338505322461884
MESSAGEix-GLOBIOM-GAINS 2.1-M-R12,SSP2 - Low Emissions,FSU,Carbon Capture|Geological Storage,Mt CO2/yr,0.0,0.0,0.0,0.9356831318486241,8.696242214997433,33.06954718803516,77.35778488245134,147.0111051799245,258.2583446851132,601.0014960049792,673.253854330397,857.1193512963276,1030.92344628589
MESSAGEix-GLOBIOM-GAINS 2.1-M-R12,SSP2 - Low Emissions,FSU,Carbon Removal|Geological Storage,Mt CO2/yr,0.0,0.0,0.0,0.9356831318486241,5.591386270603744,13.97693854500598,28.61483942605656,54.1669003031364,98.77082407414743,223.6903212520096,319.0186080656619,465.2249957368576,634.1552922729919
MESSAGEix-GLOBIOM-GAINS 2.1-M-R12,SSP2 - Low Emissions,FSU,Emissions|CH4,Mt CH4/yr,36.52348124456791,32.69066832310004,29.52613143510742,21.86420204181061,21.01169188315876,18.75545570520922,17.46188111081185,14.74730238369949,13.23006319720644,10.88500869397313,10.03020335854087,10.040891220496,9.541603579900512
MESSAGEix-GLOBIOM-GAINS 2.1-M-R12,SSP2 - Low Emissions,FSU,Emissions|CO2,Mt CO2/yr,2207.153253700053,2392.885174737065,2192.908226341145,1970.772509954758,1706.72473406924,1445.237552207966,1225.718556305092,911.6971889922767,580.4079436743268,-53.80759109655164,-325.2634659412529,-443.4293007640507,-577.9287336260791
MESSAGEix-GLOBIOM-GAINS 2.1-M-R12,SSP2 - Low Emissions,FSU,Emissions|CO2|Energy and Industrial Processes,Mt CO2/yr,2192.644080653379,2389.390707773897,2199.317859896534,2016.98480282441,1792.492870685415,1588.361299397139,1424.573157909578,1143.140587804258,843.5001953537541,195.6891000579924,-96.25754754942045,-193.560738172206,-183.2294188901512
MESSAGEix-GLOBIOM-GAINS 2.1-M-R12,SSP2 - Low Emissions,FSU,Emissions|Kyoto Gases,Mt CO2-equiv/yr,3343.181334860478,3416.820799960783,3107.975825721832,2674.475156764019,2385.795390956676,2063.470003205079,1811.844216174827,1426.626597305911,1055.387115606177,361.2585317479792,76.1552524046632,-31.88846658277072,-184.0148753519696
MESSAGEix-GLOBIOM-GAINS 2.1-M-R12,SSP2 - Low Emissions,FSU,Emissions|N2O,kt N2O/yr,573.5703729322249,533.9028278729655,481.72637191218,472.542790450706,455.5973514930046,448.142621100025,446.9674297719585,439.7678904953787,433.1316947963078,429.7979906753847,453.6816684193122,484.514268417545,464.3707215103175
MESSAGEix-GLOBIOM-GAINS 2.1-M-R12,SSP2 - Low Emissions,FSU,Primary Energy|Coal,EJ/yr,6.574570575849546,5.3490435762968,5.386968748154189,2.4374381803703282,0.7482749108444431,0.164114912639502,0.070072435580545,0.00220523369622,0.00035063884548710184,1.9745705783050423e-05,1.110043669230344e-06,6.083615933119345e-08,0.0
MESSAGEix-GLOBIOM-GAINS 2.1-M-R12,SSP2 - Low Emissions,FSU,Primary Energy|Gas,EJ/yr,21.52554325459557,19.23195994372613,17.62631120065128,21.21348287870761,22.45112603373533,22.15252617584826,21.83270117522718,19.64908055320932,17.6344593117317,13.3925749495005,9.247382531847347,10.44617622105604,10.92028663067679
MESSAGEix-GLOBIOM-GAINS 2.1-M-R12,SSP2 - Low Emissions,FSU,Primary Energy|Oil,EJ/yr,10.16500155239638,9.951517517082697,8.625788835061869,7.219632199199493,5.494962577404747,4.043520260320472,2.88249248892909,1.946404526697528,1.143009104090606,0.34573702790535205,0.13251189087099902,0.029818868162555003,0.0
MESSAGEix-GLOBIOM-GAINS 2.1-M-R12,SSP2 - Low Emissions,FSU,Secondary Energy|Electricity|Biomass,EJ/yr,0.002962380703823,0.0035139234155840003,0.0024989226594600003,0.001910432409368,0.002133798842863,0.0041782435502320005,0.011840676603897001,0.025488619480758003,0.044964565793731,0.116438657823223,0.163640385254314,0.21944400098976602,0.22200231530958903
MESSAGEix-GLOBIOM-GAINS 2.1-M-R12,SSP2 - Low Emissions,FSU,Secondary Energy|Electricity|Geothermal,EJ/yr,0.037282969541192,0.08812366002094801,0.087436005472492,0.12008510250560901,0.16342346629454302,0.22213577712279603,0.305093756696075,0.42208772504068104,0.5817837058722161,1.076070971225286,2.017103699888341,3.376693543753653,4.142410080601362
MESSAGEix-GLOBIOM-GAINS 2.1-M-R12,SSP2 - Low Emissions,FSU,Secondary Energy|Electricity|Hydro,EJ/yr,1.003363096,1.003363096,1.003363096,1.014104389932904,1.028361219278519,1.047284189291224,1.072400488674568,1.105737142185631,1.149984602783017,1.281607019942424,1.429805043431176,1.607949733479369,1.794844782095552
MESSAGEix-GLOBIOM-GAINS 2.1-M-R12,SSP2 - Low Emissions,FSU,Secondary Energy|Electricity|Solar,EJ/yr,0.035515260597999004,0.039136838259399,0.050927985023159004,0.39837090433048805,1.115962462821602,1.76725452328087,2.473287665614011,2.857950617676607,3.008211874307208,4.295645657087067,5.0039194635342,4.44220191998315,5.931560529375558
MESSAGEix-GLOBIOM-GAINS 2.1-M-R12,SSP2 - Low Emissions,FSU,Secondary Energy|Electricity|Wind,EJ/yr,0.022598806142399,0.056566159236399,0.09826651138761901,0.17968714568565,0.324120925514554,0.9176830528780471,1.7896289305429591,1.859831460633542,1.9229468884611711,2.435912966940477,2.625765131649846,2.696513575577983,3.022591399820764
MESSAGEix-GLOBIOM-GAINS 2.1-M-R12,SSP2 - Low Emissions,LAM,Carbon Capture|Geological Storage,Mt CO2/yr,0.0,0.0,28.17078740160223,23.74415860852445,43.1983751499525,77.00547105480322,149.3459918973043,264.4061839853742,456.6074934142985,1118.748670676625,1903.310834294135,2088.770556799258,2299.657076901439
MESSAGEix-GLOBIOM-GAINS 2.1-M-R12,SSP2 - Low Emissions,LAM,Carbon Removal|Geological Storage,Mt CO2/yr,0.0,0.0,10.58674970440446,16.43971321432216,28.18818742121653,49.76547958323206,88.25821335484169,156.0915756077767,274.9974245631392,776.4074738487988,1585.903410112211,1824.613311446597,2139.54734575799
MESSAGEix-GLOBIOM-GAINS 2.1-M-R12,SSP2 - Low Emissions,LAM,Emissions|CH4,Mt CH4/yr,45.33989190977156,46.73130541491925,31.81351412184647,33.55911365055964,32.87469248501593,32.44761114602119,32.36306179976597,29.57488888922372,24.3285696388693,22.62766835129649,21.46709250946988,20.48720497996262,20.19069492052683
MESSAGEix-GLOBIOM-GAINS 2.1-M-R12,SSP2 - Low Emissions,LAM,Emissions|CO2,Mt CO2/yr,3755.545959576804,3937.131924082346,1181.089864174495,1231.440604580988,1010.665213304753,612.0159976721858,52.94059645706578,-470.6034524548818,-1072.148714091201,-2061.292787013665,-3228.680360802877,-3554.279871674008,-3864.825261328739
MESSAGEix-GLOBIOM-GAINS 2.1-M-R12,SSP2 - Low Emissions,LAM,Emissions|CO2|Energy and Industrial Processes,Mt CO2/yr,1618.453445425122,1783.33204880576,1335.313378425056,1675.824582328025,1745.89656439434,1684.464693549176,1462.554060510083,1114.160167064773,684.1854106822075,-148.0196493459329,-1178.393357794857,-1487.420183843258,-1855.230109265705
MESSAGEix-GLOBIOM-GAINS 2.1-M-R12,SSP2 - Low Emissions,LAM,Emissions|Kyoto Gases,Mt CO2-equiv/yr,5317.179658649438,5559.726498300195,2344.346130813971,2434.963534430013,2189.292123851227,1783.594115608782,1225.739990161473,637.5274720291766,-89.28259283494367,-1111.032854086008,-2273.293550048057,-2604.961774098108,-2900.622821498816
MESSAGEix-GLOBIOM-GAINS 2.1-M-R12,SSP2 - Low Emissions,LAM,Emissions|N2O,kt N2O/yr,1324.979655491697,1381.606501983715,1164.127598565235,1129.851380920294,1086.557162783646,1082.230792286785,1076.542617233769,1074.715581908761,1073.808638267859,1093.413181892014,1177.131037909692,1208.956599554877,1251.707895329241
MESSAGEix-GLOBIOM-GAINS 2.1-M-R12,SSP2 - Low Emissions,LAM,Primary Energy|Coal,EJ/yr,1.675771439816776,0.7897383122211821,0.075210528019265,0.08192797804513201,0.014690700500769002,0.003486172091491,0.0008272849787425152,0.0001963186033539406,4.658732481934306e-05,2.6234960014890562e-06,1.4505883789415029e-07,0.0,0.0
MESSAGEix-GLOBIOM-GAINS 2.1-M-R12,SSP2 - Low Emissions,LAM,Primary Energy|Gas,EJ/yr,7.202022976313373,7.597112701130044,5.8223346497384645,8.533661247304542,10.91944083233475,13.97156479074603,16.18267833717921,15.02221575742754,14.50419602491829,15.94807345821723,12.73962880872515,9.43419303752158,6.355348973756443
MESSAGEix-GLOBIOM-GAINS 2.1-M-R12,SSP2 - Low Emissions,LAM,Primary Energy|Oil,EJ/yr,13.71697318016069,16.8770869174794,13.18334412899032,15.7115554854324,15.14337053142353,12.37651853229043,8.569472206347927,6.230158261953624,3.618933099020285,0.416451080503751,0.250317786542164,0.25862367340826503,0.001965001496621
MESSAGEix-GLOBIOM-GAINS 2.1-M-R12,SSP2 - Low Emissions,LAM,Secondary Energy|Electricity|Biomass,EJ/yr,0.30762144510829303,0.170945698433454,0.40018168306675606,0.38288305155630004,0.385273814956682,0.403396251523901,0.423493787086955,0.444386444993341,0.47966019940477506,0.635224128833316,1.003215659471937,1.149730557437764,1.379052329743526
MESSAGEix-GLOBIOM-GAINS 2.1-M-R12,SSP2 - Low Emissions,LAM,Secondary Energy|Electricity|Geothermal,EJ/yr,0.036888298287671005,0.037008123337352004,0.028636132447095,0.033188920326922,0.025611203715121003,0.029821902319615002,0.034360591146856,0.039171618941205,0.044485455491562007,0.057371756294135004,0.075363133589903,0.09594278698828801,0.12040726398078701
MESSAGEix-GLOBIOM-GAINS 2.1-M-R12,SSP2 - Low Emissions,LAM,Secondary Energy|Electricity|Hydro,EJ/yr,2.6122248040000002,2.6122248040000002,2.6122248040000002,2.613798528726673,2.613798528726673,2.613798528726673,2.613798528726672,2.724234629782995,2.7994277223521,2.7994277223521,2.7994277223521,2.817989912874664,2.852119794148152
MESSAGEix-GLOBIOM-GAINS 2.1-M-R12,SSP2 - Low Emissions,LAM,Secondary Energy|Electricity|Solar,EJ/yr,0.124236452357599,0.501108404696997,1.8576705607805262,3.038396040533914,3.789145605093157,5.14439224497169,7.478036174276307,9.792854021883892,12.36632551748011,16.29009113739135,17.48620124810508,19.28394401397887,20.80931543346381
MESSAGEix-GLOBIOM-GAINS 2.1-M-R12,SSP2 - Low Emissions,LAM,Secondary Energy|Electricity|Wind,EJ/yr,0.37712392413779905,0.7974368921169991,0.9467522985990041,0.9467522985990041,1.5889821379969051,2.531577398242386,4.443636227680291,7.298601200658297,10.5698043392598,17.07251799819057,19.37616268856169,22.3527442828374,23.43835410632967
MESSAGEix-GLOBIOM-GAINS 2.1-M-R12,SSP2 - Low Emissions,MEA,Carbon Capture|Geological Storage,Mt CO2/yr,0.0,0.0,34.38477720502521,62.4846344193527,114.4519457816653,193.9996755026325,314.4125952242757,471.9191959789053,746.1118568650841,1142.812042313355,1459.114206547774,1647.501288188352,2577.530332878871
MESSAGEix-GLOBIOM-GAINS 2.1-M-R12,SSP2 - Low Emissions,MEA,Carbon Removal|Geological Storage,Mt CO2/yr,0.0,0.0,4.132285211898499,10.28824345717831,19.33336574657639,20.2299757560273,26.06029767585974,31.95624850316476,50.07577789972135,121.1637720292821,245.8262707036962,559.5508986441912,1380.057466838959
MESSAGEix-GLOBIOM-GAINS 2.1-M-R12,SSP2 - Low Emissions,MEA,Emissions|CH4,Mt CH4/yr,42.17292388957501,48.53726429900367,33.34436375695163,32.06936352822107,30.66965344368681,28.56842087410057,26.30949514363167,25.1305519792325,24.08735563759006,18.02834526425551,16.11114233829882,14.33055090684738,13.70801054095561
MESSAGEix-GLOBIOM-GAINS 2.1-M-R12,SSP2 - Low Emissions,MEA,Emissions|CO2,Mt CO2/yr,3162.201313765158,3933.604376392427,3439.971570295835,3294.061544976346,3086.655657344799,2979.152615774577,2912.781031455645,2767.335904757527,2491.721821998971,1887.678627502187,1551.248597286778,1193.368049599137,474.9041121598933
MESSAGEix-GLOBIOM-GAINS 2.1-M-R12,SSP2 - Low Emissions,MEA,Emissions|CO2|Energy and Industrial Processes,Mt CO2/yr,3154.155131605352,3926.275425100195,3441.772690156556,3310.202871764898,3116.68422185526,3023.352652726879,2970.314365759273,2815.763042372497,2528.63135497607,1946.438759125663,1722.572382703291,1675.487450250432,1766.334517518935
MESSAGEix-GLOBIOM-GAINS 2.1-M-R12,SSP2 - Low Emissions,MEA,Emissions|Kyoto Gases,Mt CO2-equiv/yr,4378.683308965751,5324.708399635238,4417.61900706157,4243.030756579761,4004.395457124142,3848.213256536836,3729.202018285551,3560.091214176027,3264.462756814871,2535.789494118609,2190.769905167063,1831.32244276051,1143.146752222533
MESSAGEix-GLOBIOM-GAINS 2.1-M-R12,SSP2 - Low Emissions,MEA,Emissions|N2O,kt N2O/yr,370.577598899761,390.9433001080544,392.7561859623787,394.9329558238645,394.1980915126011,388.2439611573948,380.0239382109819,377.4996161871646,376.0871049328375,377.8566858321682,379.0938927137696,379.4322626487647,373.8027327446226
MESSAGEix-GLOBIOM-GAINS 2.1-M-R12,SSP2 - Low Emissions,MEA,Primary Energy|Coal,EJ/yr,3.820665946701748,2.651794113766928,1.295804014362661,0.5068404044410081,0.104108816752602,0.012005744286132,0.002849019396025,0.000676085657455316,0.0001604382956656658,9.034844322931192e-06,5.071095375130147e-07,2.1559499685054838e-08,0.0
MESSAGEix-GLOBIOM-GAINS 2.1-M-R12,SSP2 - Low Emissions,MEA,Primary Energy|Gas,EJ/yr,24.67978088410897,30.54667883432001,26.87465086146787,28.72561626275917,31.10419097846108,35.16557134356172,42.05569082677565,44.88129537318543,48.38175698986873,47.40757907838046,45.52744175953853,43.21535924720638,46.28515365295757
MESSAGEix-GLOBIOM-GAINS 2.1-M-R12,SSP2 - Low Emissions,MEA,Primary Energy|Oil,EJ/yr,23.87748266439345,26.17071412821279,24.15457955316772,22.24954524707896,19.04675836449879,15.66449139456041,11.11272635810169,8.827645367109778,6.207245952945549,3.411631943996758,2.926735485691598,1.20711599793133,0.37375712205684203
MESSAGEix-GLOBIOM-GAINS 2.1-M-R12,SSP2 - Low Emissions,MEA,Secondary Energy|Electricity|Biomass,EJ/yr,0.0,0.00020981559487642093,0.004146544028147001,0.0041800290768260005,0.006910309999944001,0.006823761704072001,0.0062388541505350005,0.00905276549324,0.015460161171669002,0.030434788412889,0.037105521077988,0.041840087151145004,0.044930884654609
MESSAGEix-GLOBIOM-GAINS 2.1-M-R12,SSP2 - Low Emissions,MEA,Secondary Energy|Electricity|Geothermal,EJ/yr,0.0,0.0,0.0,0.0016379895472690002,0.0038909781765080003,0.006992924695501001,0.011274054860395,0.017134214393601,0.025185849814100002,0.049539489612534,0.09579250354287801,0.18276010388525302,0.34117393615982605
MESSAGEix-GLOBIOM-GAINS 2.1-M-R12,SSP2 - Low Emissions,MEA,Secondary Energy|Electricity|Hydro,EJ/yr,0.197455118778319,0.20573834539556102,0.21956342060550302,0.24405855897925602,0.662339999999999,0.662339999999999,0.662339999999999,0.693879999999999,0.693879999999999,0.693879999999999,0.693879999999999,0.693879999999999,0.693879999999999
MESSAGEix-GLOBIOM-GAINS 2.1-M-R12,SSP2 - Low Emissions,MEA,Secondary Energy|Electricity|Solar,EJ/yr,0.078987728488876,0.20759568435161602,1.825639996752661,3.721175672482747,4.5267937490974735,5.783987720490746,7.412909718773886,8.414742336775177,10.06448318392706,15.65114876500598,21.01387862443001,27.84273452749561,34.57361964790515
MESSAGEix-GLOBIOM-GAINS 2.1-M-R12,SSP2 - Low Emissions,MEA,Secondary Energy|Electricity|Wind,EJ/yr,0.041904022552799,0.09054549626879901,0.13805669008318802,0.7668203336710571,1.4333758185884011,2.729955220158307,3.334529474588322,4.241520633928682,6.190744528014076,11.93954307401773,17.50506082165686,25.3880306508488,33.11934332710563
MESSAGEix-GLOBIOM-GAINS 2.1-M-R12,SSP2 - Low Emissions,NAM,Carbon Capture|Geological Storage,Mt CO2/yr,0.0,0.0,0.0,4.216560773990403,12.42493951449293,31.36737314847636,64.62295097827733,118.3190356555659,208.5000149222546,583.9928329302982,931.000971935147,1203.904308628911,1694.24582500011
MESSAGEix-GLOBIOM-GAINS 2.1-M-R12,SSP2 - Low Emissions,NAM,Carbon Removal|Geological Storage,Mt CO2/yr,0.0,0.0,0.0,4.216560773990403,11.57702990576232,24.42553577195348,46.85401146257939,86.0053748229417,154.348372096527,434.8518676683146,739.2626844466641,1059.094481259101,1548.299934384254
MESSAGEix-GLOBIOM-GAINS 2.1-M-R12,SSP2 - Low Emissions,NAM,Emissions|CH4,Mt CH4/yr,39.54227313385324,35.78169173408858,31.00942341289624,29.9646983040509,29.14162356415099,25.63589472161069,23.85332636272349,18.19526347074373,17.00338077424566,13.62676386718993,12.92545376014838,11.89803302375085,11.07670177550695
MESSAGEix-GLOBIOM-GAINS 2.1-M-R12,SSP2 - Low Emissions,NAM,Emissions|CO2,Mt CO2/yr,5880.543415906857,5795.377891128625,5110.016803854808,4501.763878411341,3842.89405477408,3133.896403367389,2411.494655129126,1516.897764369322,981.7239393845107,-123.2894492854028,-624.7809223694018,-1182.096161796173,-1837.217083382961
MESSAGEix-GLOBIOM-GAINS 2.1-M-R12,SSP2 - Low Emissions,NAM,Emissions|CO2|Energy and Industrial Processes,Mt CO2/yr,5828.784303165928,5744.263060455013,5059.593232801818,4556.123018209694,4002.083565902271,3309.181042439692,2602.555813755449,1807.847862290212,1372.137288804244,279.4140417711354,-263.1059101218502,-754.1463483654005,-1199.55715487037
MESSAGEix-GLOBIOM-GAINS 2.1-M-R12,SSP2 - Low Emissions,NAM,Emissions|Kyoto Gases,Mt CO2-equiv/yr,7509.691803868564,7331.978457178286,6457.494940667007,5724.02145024701,4996.502439728032,4194.889808422207,3428.727246976545,2391.253654493069,1813.5518222906,621.7299812278086,115.0561651149826,-468.6884358595341,-1143.138159097091
MESSAGEix-GLOBIOM-GAINS 2.1-M-R12,SSP2 - Low Emissions,NAM,Emissions|N2O,kt N2O/yr,946.2915876127644,984.9200322746444,1004.295421493299,997.8656395758728,967.3903696093216,951.7721272556248,938.7757873147203,920.1340511627584,909.002417723498,903.6471119505098,914.9382703214307,907.3918900811441,909.5804928145305
MESSAGEix-GLOBIOM-GAINS 2.1-M-R12,SSP2 - Low Emissions,NAM,Primary Energy|Coal,EJ/yr,8.927826044638,9.282555948125983,6.846623549443826,2.560156298756557,0.9298947261050401,0.20437373189384603,0.12387756817997601,0.029396727605209002,0.006975981257876001,0.0003928420231784513,2.212231505075871e-05,1.238612125183073e-06,6.97506021308282e-08
MESSAGEix-GLOBIOM-GAINS 2.1-M-R12,SSP2 - Low Emissions,NAM,Primary Energy|Gas,EJ/yr,37.49606721111432,32.17279597332056,29.98963686967428,32.45477055324841,33.15359919873674,31.12036700158886,27.22412559583698,20.56855082043056,17.87460686301699,10.69160334320088,9.085220825191602,5.177066445829436,2.832321218200783
MESSAGEix-GLOBIOM-GAINS 2.1-M-R12,SSP2 - Low Emissions,NAM,Primary Energy|Oil,EJ/yr,41.7905329022077,41.70960647741128,37.43847996535541,34.44445615725903,28.63296271872213,21.79594687855182,15.51877071991358,10.611354345346,7.8013523176116735,3.6733313062328152,1.8504193785487462,0.735524472624919,0.081352795484374
MESSAGEix-GLOBIOM-GAINS 2.1-M-R12,SSP2 - Low Emissions,NAM,Secondary Energy|Electricity|Biomass,EJ/yr,0.24485574279386302,0.06542912104014101,0.193788387921516,0.328424565978691,0.050756808701770004,0.07443495817345701,0.039286248644606,0.06646491020739201,0.09339333463084501,0.19863228702315702,0.351103046599932,0.5233185570663791,0.6822689750580221
MESSAGEix-GLOBIOM-GAINS 2.1-M-R12,SSP2 - Low Emissions,NAM,Secondary Energy|Electricity|Geothermal,EJ/yr,0.067800198630136,0.07155513613764901,0.071533563572901,0.10033370961795601,0.140230022621568,0.19509994943872702,0.270621025971131,0.374229905229279,0.516445777819146,0.9380360869679091,1.766715093057946,3.306176602023772,4.033664371387522
MESSAGEix-GLOBIOM-GAINS 2.1-M-R12,SSP2 - Low Emissions,NAM,Secondary Energy|Electricity|Hydro,EJ/yr,2.425432308,2.425432308,2.425432308,2.425432308,2.425432308,2.7113361,2.7562805999999997,2.794443999999999,2.817133150475828,2.896002799999999,2.948674599999999,2.9918844,3.0275246
MESSAGEix-GLOBIOM-GAINS 2.1-M-R12,SSP2 - Low Emissions,NAM,Secondary Energy|Electricity|Solar,EJ/yr,0.448634570237998,1.070562201614029,1.548688684057277,2.431378484941951,3.031700534418296,5.31926979057353,7.733118952321171,10.47761252914656,10.72357786653513,11.89115111433749,13.71360729649693,14.34088951472098,15.93193037203122
MESSAGEix-GLOBIOM-GAINS 2.1-M-R12,SSP2 - Low Emissions,NAM,Secondary Energy|Electricity|Wind,EJ/yr,1.3598219947907981,1.939727689524398,2.701701692325988,2.701701692325988,2.868347011202163,4.031221215965359,6.109218994006217,8.00048696664226,8.12291822722102,8.122918228482764,10.47973711243242,10.82402010110635,12.47503522874596
MESSAGEix-GLOBIOM-GAINS 2.1-M-R12,SSP2 - Low Emissions,PAO,Carbon Capture|Geological Storage,Mt CO2/yr,0.0,0.0,0.0,0.0,5.19542869164423,13.08599292603876,36.76525350639935,79.28314505315731,108.9444410871636,198.7834659375022,224.7855691794565,278.1740052391574,363.0650112843169
MESSAGEix-GLOBIOM-GAINS 2.1-M-R12,SSP2 - Low Emissions,PAO,Carbon Removal|Geological Storage,Mt CO2/yr,0.0,0.0,0.0,0.0,4.216560773990403,10.41207190674804,20.38064492874111,39.79321101675156,62.68584298693052,122.377650646187,166.6045606594606,229.1594691453413,332.0801029327205
MESSAGEix-GLOBIOM-GAINS 2.1-M-R12,SSP2 - Low Emissions,PAO,Emissions|CH4,Mt CH4/yr,9.33369783483694,8.516584879843242,8.129363514508851,7.371606518743643,7.211324004583611,6.848874296631534,6.385674116677433,6.068411396559697,5.94438334507003,5.616607378172584,5.260341974255052,4.878553293032233,4.585347089754025
MESSAGEix-GLOBIOM-GAINS 2.1-M-R12,SSP2 - Low Emissions,PAO,Emissions|CO2,Mt CO2/yr,1627.806183808916,1325.020629273663,1104.62280887845,770.3431890531072,462.2579413532305,271.2948029206265,47.92670590383401,-135.0682067454021,-237.5707547536052,-347.1276375458537,-395.4745594601042,-492.9910331152503,-579.463131258092
MESSAGEix-GLOBIOM-GAINS 2.1-M-R12,SSP2 - Low Emissions,PAO,Emissions|CO2|Energy and Industrial Processes,Mt CO2/yr,1493.918252578441,1270.33634347968,1105.324549397717,842.4323147011634,605.3240022958901,477.8618255543958,318.5687302992422,169.8886295918993,101.9559662542311,-29.91998756091045,-116.3621937821594,-204.587197404447,-298.5373836990996
MESSAGEix-GLOBIOM-GAINS 2.1-M-R12,SSP2 - Low Emissions,PAO,Emissions|Kyoto Gases,Mt CO2-equiv/yr,2014.05623405218,1693.775330272413,1464.120920725813,1090.790778764994,756.6020318041898,553.7672543147486,317.1355594388793,123.886370648036,17.28994018064265,-102.0223651453594,-159.8525149078213,-267.8390775416606,-363.2103802734428
MESSAGEix-GLOBIOM-GAINS 2.1-M-R12,SSP2 - Low Emissions,PAO,Emissions|N2O,kt N2O/yr,326.7320340314362,328.234179498325,337.4784715315784,335.6792592205903,324.0721843856284,320.3406887066441,316.9925508877747,313.180390211606,310.2470826329417,305.6464530914755,303.1712382325627,300.2500546163135,295.5224454903963
MESSAGEix-GLOBIOM-GAINS 2.1-M-R12,SSP2 - Low Emissions,PAO,Primary Energy|Coal,EJ/yr,5.944894869047028,4.967696131800867,4.1500434384794485,1.603381902205768,0.22878626957146,0.012742430972361002,0.09002928555761401,0.0007175710739964914,0.0001702829794737775,9.589233069369398e-06,5.23943132685787e-07,0.0,0.0
MESSAGEix-GLOBIOM-GAINS 2.1-M-R12,SSP2 - Low Emissions,PAO,Primary Energy|Gas,EJ/yr,5.71355626605637,5.296380279390796,4.53339511968355,4.913102862174152,5.04077411915922,4.4594405451218915,3.298938137138308,2.400526540962174,2.459992388129074,2.436944967462086,1.740508198724058,1.014970604802162,0.43214731103194004
MESSAGEix-GLOBIOM-GAINS 2.1-M-R12,SSP2 - Low Emissions,PAO,Primary Energy|Oil,EJ/yr,8.132576611263136,6.754696273041733,6.166577681428139,5.553649101906588,4.003355435833554,3.093758276370943,2.036729689113749,1.372831644113545,0.837798130277386,0.348161126972088,0.085229471731826,0.080762331939721,0.0
MESSAGEix-GLOBIOM-GAINS 2.1-M-R12,SSP2 - Low Emissions,PAO,Secondary Energy|Electricity|Biomass,EJ/yr,0.11166164100149101,0.06609874838242501,0.0023935915861790003,0.0021889992441380002,0.0028042047134900004,0.0030078945519260002,0.008384908863544,0.019462920349444003,0.031880116060549,0.067157225414173,0.0941611148587,0.125364267967384,0.16187171551297902
MESSAGEix-GLOBIOM-GAINS 2.1-M-R12,SSP2 - Low Emissions,PAO,Secondary Energy|Electricity|Geothermal,EJ/yr,0.040682635422,0.046535269724072,0.044470090590171006,0.05068648076237801,0.057576123659388,0.080929614656481,0.112789308268726,0.15632397826645802,0.217084212148237,0.40592327507700404,0.757455259816151,1.002742905080157,1.229052562564591
MESSAGEix-GLOBIOM-GAINS 2.1-M-R12,SSP2 - Low Emissions,PAO,Secondary Energy|Electricity|Hydro,EJ/yr,0.42426661800000004,0.42426661800000004,0.42426661800000004,0.42426661800000004,0.42426661800000004,0.42426661800000004,0.6008370000000001,0.6008370000000001,0.6008370000000001,0.6008370000000001,0.6008370000000001,0.6008370000000001,0.6008370000000001
MESSAGEix-GLOBIOM-GAINS 2.1-M-R12,SSP2 - Low Emissions,PAO,Secondary Energy|Electricity|Solar,EJ/yr,0.361048335632538,0.579725603572938,0.706775555521936,0.8715836500738211,1.080295983691869,1.337051844748506,1.645857558000128,1.665365982827846,1.612648048043887,1.574195365757967,1.585215155471347,1.6289658699281822,1.72959759481363
MESSAGEix-GLOBIOM-GAINS 2.1-M-R12,SSP2 - Low Emissions,PAO,Secondary Energy|Electricity|Wind,EJ/yr,0.114030061678399,0.21173457180419902,0.47841197546719105,0.47841197546719105,0.47841197546719105,0.47841197546719105,0.47841197546719105,0.5171172521942701,0.5015273810467741,0.8190750359816841,0.8190750359816841,0.862068296262,1.119528315579317
MESSAGEix-GLOBIOM-GAINS 2.1-M-R12,SSP2 - Low Emissions,PAS,Carbon Capture|Geological Storage,Mt CO2/yr,0.0,0.0,0.0,4.216560773990403,16.76161426157522,43.40865443913347,74.69629623923728,135.6043726614534,243.0668086228656,603.1639468771265,842.4773678928105,834.2474145590654,808.2281564596027
MESSAGEix-GLOBIOM-GAINS 2.1-M-R12,SSP2 - Low Emissions,PAS,Carbon Removal|Geological Storage,Mt CO2/yr,0.0,0.0,0.0,4.216560773990403,11.57702990576232,24.42553577195348,46.85401146257939,86.0053748229417,154.348372096527,391.1148844689861,632.0900220742093,672.193011278017,668.9211544274118
MESSAGEix-GLOBIOM-GAINS 2.1-M-R12,SSP2 - Low Emissions,PAS,Emissions|CH4,Mt CH4/yr,24.29606554635018,24.13212774947761,23.13990706653673,22.10064457227939,22.11143767607279,20.79543963692566,19.84484672926885,19.58593733143727,18.21419933755118,15.04537671280632,14.57948333162939,13.18548123430758,11.87933396521284
MESSAGEix-GLOBIOM-GAINS 2.1-M-R12,SSP2 - Low Emissions,PAS,Emissions|CO2,Mt CO2/yr,2950.767338672412,2978.768385913726,2819.350203916994,2315.271470015191,2029.218104175503,1726.81203422755,1304.912842353071,889.4166817284531,526.2202287920472,-208.2332139797797,-750.3114731553294,-835.2254275682925,-901.6279175504451
MESSAGEix-GLOBIOM-GAINS 2.1-M-R12,SSP2 - Low Emissions,PAS,Emissions|CO2|Energy and Industrial Processes,Mt CO2/yr,2502.362551732658,2569.570927925767,2445.185519170905,2163.147233939239,2098.908652373558,1916.893843593862,1615.281303697671,1257.20146999996,950.4817451137031,312.8045239124467,-194.4692490224818,-294.1516138973826,-382.8797420370232
MESSAGEix-GLOBIOM-GAINS 2.1-M-R12,SSP2 - Low Emissions,PAS,Emissions|Kyoto Gases,Mt CO2-equiv/yr,3767.739932345591,3804.901488889344,3607.951076486397,3074.694891444929,2792.538941242788,2465.814728919783,2029.516392480465,1615.350246227998,1228.147788920805,436.5689311704673,-119.1708178883656,-247.5955024906946,-363.9181772771279
MESSAGEix-GLOBIOM-GAINS 2.1-M-R12,SSP2 - Low Emissions,PAS,Emissions|N2O,kt N2O/yr,475.4810221288189,509.2017035794966,518.4901338204448,533.6277790334506,545.4216295231192,553.3601314261673,557.2389652137965,557.3072576020377,564.2730001178448,579.8344909203709,587.0239071889183,587.8366978183585,593.1090931198637
MESSAGEix-GLOBIOM-GAINS 2.1-M-R12,SSP2 - Low Emissions,PAS,Primary Energy|Coal,EJ/yr,10.80549350116306,10.98028509512028,8.415546984580718,4.034781266424478,2.5400484195125053,1.926497566050618,1.296662458555179,0.506638299847607,0.5670912021855951,0.031934898755891006,0.0017983663908350002,0.0001012685210224601,5.681603584677433e-06
MESSAGEix-GLOBIOM-GAINS 2.1-M-R12,SSP2 - Low Emissions,PAS,Primary Energy|Gas,EJ/yr,7.6911172567362245,10.18046366617601,12.2745308184962,15.25525226538273,18.15211823311709,16.90799271361136,15.91153745768651,14.40599655404159,13.05966330503023,10.69694379929786,8.813674884566714,7.245910744973523,5.945637080523087
MESSAGEix-GLOBIOM-GAINS 2.1-M-R12,SSP2 - Low Emissions,PAS,Primary Energy|Oil,EJ/yr,13.33615546135927,12.48401070331335,12.47588769576327,11.96942150704396,10.69526482809913,10.07785594379606,7.635641829759531,5.665352850367424,3.720800010926501,2.011898300793547,0.08988856150840001,0.255359359099582,0.46043235974057206
MESSAGEix-GLOBIOM-GAINS 2.1-M-R12,SSP2 - Low Emissions,PAS,Secondary Energy|Electricity|Biomass,EJ/yr,0.158168420990314,0.130651556668431,0.052889719947674003,0.030860231368900003,0.039066110492792,0.043400627615862004,0.056047618241361,0.075252268477458,0.10990705219367201,0.21725082519375702,0.299929997098042,0.345382453986922,0.402802490618393
MESSAGEix-GLOBIOM-GAINS 2.1-M-R12,SSP2 - Low Emissions,PAS,Secondary Energy|Electricity|Geothermal,EJ/yr,0.09500771036552501,0.10880504953290501,0.08398698028542201,0.06463556305517901,0.049849612413991,0.038602863781028,0.029802495384779002,0.023059984894333002,0.026907069427948002,0.033248018695302,0.04363733706844,0.030608932950781,0.020916974151708
MESSAGEix-GLOBIOM-GAINS 2.1-M-R12,SSP2 - Low Emissions,PAS,Secondary Energy|Electricity|Hydro,EJ/yr,0.291898542332367,0.34143889387299203,0.463859018341911,2.189822200000001,2.3487838,2.4359919,2.5232,2.5659367,2.6086734,2.6484138,2.6663916,2.6742766,2.677746
MESSAGEix-GLOBIOM-GAINS 2.1-M-R12,SSP2 - Low Emissions,PAS,Secondary Energy|Electricity|Solar,EJ/yr,0.09268511582027801,0.17947154816798003,1.122486305886438,2.119953170497765,3.427422278678839,5.323258094120302,6.961329731933802,8.523791133951077,9.810813490760875,11.61206370584796,12.43770017103119,13.19481291694527,13.15668101262779
MESSAGEix-GLOBIOM-GAINS 2.1-M-R12,SSP2 - Low Emissions,PAS,Secondary Energy|Electricity|Wind,EJ/yr,0.0354988821914,0.10044317279719901,0.14894289184852502,1.037400497471303,1.49386579887724,2.184118619262854,3.354521224415614,4.987715396534582,6.854491815069664,9.80793086973885,11.02489649111742,12.94252376609319,13.00431696491157
MESSAGEix-GLOBIOM-GAINS 2.1-M-R12,SSP2 - Low Emissions,RCPA,Carbon Capture|Geological Storage,Mt CO2/yr,0.0,0.0,0.0,5.766347941133966,19.21348971715631,32.40709680025274,67.53701818227628,91.4217421771616,117.9206939235169,149.8359454571484,141.6936535330364,114.7435559370285,72.2580477300207
MESSAGEix-GLOBIOM-GAINS 2.1-M-R12,SSP2 - Low Emissions,RCPA,Carbon Removal|Geological Storage,Mt CO2/yr,0.0,0.0,0.0,0.40931080872539805,4.817972637388345,12.62686025169914,26.25812974345046,42.79836805029935,64.48344242257217,94.5766014596337,103.3631381108136,97.5747220480687,60.94104544089977
MESSAGEix-GLOBIOM-GAINS 2.1-M-R12,SSP2 - Low Emissions,RCPA,Emissions|CH4,Mt CH4/yr,6.014163998988615,6.0994847118139734,6.196543755471576,6.075110952259062,6.079228024275897,5.522498130488102,5.202662633055921,4.952966870017753,5.118616992266078,5.189451148880316,4.549387947539652,4.342910331085599,3.518751757382714
MESSAGEix-GLOBIOM-GAINS 2.1-M-R12,SSP2 - Low Emissions,RCPA,Emissions|CO2,Mt CO2/yr,628.3841688940174,705.6537428641157,719.3219017928731,572.6770403827344,422.9790123919381,264.4239860095208,108.4432879765549,-23.65036681717722,-74.21297196601934,-139.9871674779502,-154.3172222031898,-156.4053340349972,-135.4768583869516
MESSAGEix-GLOBIOM-GAINS 2.1-M-R12,SSP2 - Low Emissions,RCPA,Emissions|CO2|Energy and Industrial Processes,Mt CO2/yr,469.3106773036646,598.8525843045871,661.7657822079343,558.0220728463104,451.1394690356211,339.8338915597912,230.6641039873595,124.1965924535259,98.66447699401428,46.01115291212356,44.28868275785135,43.99559465835227,47.95637779482182
MESSAGEix-GLOBIOM-GAINS 2.1-M-R12,SSP2 - Low Emissions,RCPA,Emissions|Kyoto Gases,Mt CO2-equiv/yr,867.7291836813841,963.7730377528673,976.7103200222347,833.2519900542385,685.829481785649,518.7235175960947,360.5545524206586,223.7077459179268,186.9677354095028,142.3968478768729,123.6995642542468,119.132521662446,116.6663779490076
MESSAGEix-GLOBIOM-GAINS 2.1-M-R12,SSP2 - Low Emissions,RCPA,Emissions|N2O,kt N2O/yr,160.9881546478524,168.3328250067049,172.497879348866,173.7907087026052,175.8504890580445,177.0909774124189,177.591343769028,175.8929253964617,175.7213375476569,177.3628646814437,179.091093778533,177.063689775432,164.9037827298934
MESSAGEix-GLOBIOM-GAINS 2.1-M-R12,SSP2 - Low Emissions,RCPA,Primary Energy|Coal,EJ/yr,3.102561674441441,3.946818696097449,4.296491058705648,2.77966930338388,1.499873499888854,0.692014479405705,0.24189793366574502,0.09226901795548101,0.049270637497037,0.0008645817491257729,4.866310977996069e-05,2.7389569797258868e-06,1.542402941664065e-07
MESSAGEix-GLOBIOM-GAINS 2.1-M-R12,SSP2 - Low Emissions,RCPA,Primary Energy|Gas,EJ/yr,0.724951169773974,0.83402163061721,1.000781409201258,1.5046706023416931,2.168800571303532,2.158464535283599,2.363415135849033,1.737563959153666,2.156976553947781,1.707175508069293,1.451932906594849,0.93730641793871,0.49336807822230305
MESSAGEix-GLOBIOM-GAINS 2.1-M-R12,SSP2 - Low Emissions,RCPA,Primary Energy|Oil,EJ/yr,1.115288041906713,1.582273317590523,1.655338009470713,1.970606253108418,1.9205866282074842,1.752236041986573,1.226525461124447,0.81120349732699,0.501800392236735,0.41993926659143405,0.448074974313715,0.6218274812430621,0.6382921199227161
MESSAGEix-GLOBIOM-GAINS 2.1-M-R12,SSP2 - Low Emissions,RCPA,Secondary Energy|Electricity|Biomass,EJ/yr,0.007175098600226,0.0006820153249368003,0.012254350594969002,0.010426422344086,0.012510675801104001,0.017882697581824,0.025677369502024,0.025133535837924003,0.037231791341663004,0.054234075945084004,0.059627280477681004,0.05775817185173301,0.04699787391834501
MESSAGEix-GLOBIOM-GAINS 2.1-M-R12,SSP2 - Low Emissions,RCPA,Secondary Energy|Electricity|Geothermal,EJ/yr,0.0,0.0,0.0,0.001629501853271,0.0038285591889270004,0.006778065602909,0.010922151737512,0.015579422892287002,0.024325754928007003,0.045577238465597004,0.09208655212184501,0.11960908100966801,0.15184960073529902
MESSAGEix-GLOBIOM-GAINS 2.1-M-R12,SSP2 - Low Emissions,RCPA,Secondary Energy|Electricity|Hydro,EJ/yr,0.42669614307018205,0.5620122611528361,0.6550934895165611,0.677325600478,0.68681504,0.6871619800000001,0.68750892,0.68754046,0.687572,0.687572,0.6875720000000001,0.6875720000000001,0.6875720000000001
MESSAGEix-GLOBIOM-GAINS 2.1-M-R12,SSP2 - Low Emissions,RCPA,Secondary Energy|Electricity|Solar,EJ/yr,0.099292396262458,0.12482711475875201,0.383621989129844,0.9061846089379101,1.340205812971706,1.667714542474255,2.037436956285336,2.452716341962832,2.78298367565305,3.380863054425042,3.664092322175306,3.633292740479448,3.611810504098013
MESSAGEix-GLOBIOM-GAINS 2.1-M-R12,SSP2 - Low Emissions,RCPA,Secondary Energy|Electricity|Wind,EJ/yr,0.005810668764199001,0.034756765546199005,0.087098024422259,0.36313111478438803,0.6716419182801551,0.9678237845739841,1.329449015459181,1.909610907967522,2.246828974183618,3.230899155060045,3.653338586318187,3.653317751041497,3.824654180437476
MESSAGEix-GLOBIOM-GAINS 2.1-M-R12,SSP2 - Low Emissions,SAS,Carbon Capture|Geological Storage,Mt CO2/yr,0.0,0.0,3.887693267853073,0.0,4.216560773990403,11.57702990576232,24.42553577195348,52.03859581839229,91.47166628077949,235.43161806918,473.6901322364922,43.7085921353417,17.50321021424737
MESSAGEix-GLOBIOM-GAINS 2.1-M-R12,SSP2 - Low Emissions,SAS,Carbon Removal|Geological Storage,Mt CO2/yr,0.0,0.0,3.887693267853073,0.0,4.216560773990402,11.57702990576232,24.42553577195348,46.85401146257939,83.621482596815,216.3701057261007,456.1693923101213,37.59948786841692,15.37309726804778
MESSAGEix-GLOBIOM-GAINS 2.1-M-R12,SSP2 - Low Emissions,SAS,Emissions|CH4,Mt CH4/yr,39.25707876094694,41.7012042268765,43.33313639894623,43.4029554126778,45.47461878019995,45.02775892819379,44.19188838235242,43.60717565981946,43.50389215716639,36.36089040492515,32.14461949402825,29.09491794955193,27.32064822774151
MESSAGEix-GLOBIOM-GAINS 2.1-M-R12,SSP2 - Low Emissions,SAS,Emissions|CO2,Mt CO2/yr,3019.713070698111,3557.574392154292,3590.583553652175,3078.38363580645,2918.412319411027,2520.826238638128,2101.980034629341,1820.542949765514,1599.001791926439,1084.109096987659,307.8220264124596,235.584220477796,150.4869489877391
MESSAGEix-GLOBIOM-GAINS 2.1-M-R12,SSP2 - Low Emissions,SAS,Emissions|CO2|Energy and Industrial Processes,Mt CO2/yr,2873.786858477276,3472.872411505917,3567.775957855205,3129.870065585106,3043.355189186367,2792.621993797491,2521.267584922326,2265.782034479513,2068.093046157136,1528.552727061964,776.7390885069681,720.3907333394692,628.6726091460584
MESSAGEix-GLOBIOM-GAINS 2.1-M-R12,SSP2 - Low Emissions,SAS,Emissions|Kyoto Gases,Mt CO2-equiv/yr,4390.894742364869,5026.541529506085,5133.436590143419,4613.915977905537,4506.803858521406,4107.949323078486,3680.392595173532,3400.989594408823,3184.862638855977,2492.288468727061,1606.082338288791,1453.601811043394,1311.946360195898
MESSAGEix-GLOBIOM-GAINS 2.1-M-R12,SSP2 - Low Emissions,SAS,Emissions|N2O,kt N2O/yr,1202.846656791103,1288.685606050898,1329.455189239096,1340.239564949212,1352.152485371847,1353.367248726998,1350.937289478812,1353.560029149054,1361.80842026179,1387.603368158241,1364.771807213452,1327.954275527984,1264.662809928618
MESSAGEix-GLOBIOM-GAINS 2.1-M-R12,SSP2 - Low Emissions,SAS,Primary Energy|Coal,EJ/yr,17.39421944338462,19.07707926272574,18.80052899387181,10.4346584999841,7.522972031977644,4.202580117909436,3.173864472318698,2.552591973081126,1.634112443993939,0.21999106752326703,0.08900790970889601,0.050887234363242,0.030332629246402003
MESSAGEix-GLOBIOM-GAINS 2.1-M-R12,SSP2 - Low Emissions,SAS,Primary Energy|Gas,EJ/yr,4.799451214024707,9.527935325079174,10.12090769679334,11.28679069479245,13.69411491327271,15.22961770946273,14.71798863883037,12.43486323158779,9.913779118256041,7.669433762172435,5.23895513250406,2.430422114553899,2.030673420033083
MESSAGEix-GLOBIOM-GAINS 2.1-M-R12,SSP2 - Low Emissions,SAS,Primary Energy|Oil,EJ/yr,9.583003791836463,12.40835687995999,13.57124532892499,16.9435326367845,17.01063081202077,16.40537788788322,13.88819322071279,12.87336831603802,13.42861031342641,11.98835793249302,7.088571935379286,2.65885306895346,1.503083980469349
MESSAGEix-GLOBIOM-GAINS 2.1-M-R12,SSP2 - Low Emissions,SAS,Secondary Energy|Electricity|Biomass,EJ/yr,0.15172944451380901,0.170864931737363,0.35971509242827504,0.353782574414646,0.36166890405262303,0.36441558045535005,0.36821610639636304,0.31891038897378304,0.33958402007022404,0.41098885966896304,0.543511128434851,0.5794081484451631,0.633362327411317
MESSAGEix-GLOBIOM-GAINS 2.1-M-R12,SSP2 - Low Emissions,SAS,Secondary Energy|Electricity|Geothermal,EJ/yr,0.0,0.0,0.0,0.0,0.0,0.001637388154423,0.0034398567889530004,0.005454343695371001,0.007663390434578,0.012770610202325,0.019003600086250003,0.026654040423633,0.035919896524293005
MESSAGEix-GLOBIOM-GAINS 2.1-M-R12,SSP2 - Low Emissions,SAS,Secondary Energy|Electricity|Hydro,EJ/yr,0.790134706539065,0.900440515866987,0.900440515866986,2.47589,2.554739999999999,2.57051,2.58628,2.60205,2.61782,2.61782,2.61782,2.61782,2.61782
MESSAGEix-GLOBIOM-GAINS 2.1-M-R12,SSP2 - Low Emissions,SAS,Secondary Energy|Electricity|Solar,EJ/yr,0.23254240382555802,0.520129279091692,3.057366971728217,5.272481183712457,7.944860622443528,11.66094530129073,16.38638643436266,22.45603782446188,28.31502534863586,32.39127867796889,36.70515001797885,38.83933886816207,40.19360186991679
MESSAGEix-GLOBIOM-GAINS 2.1-M-R12,SSP2 - Low Emissions,SAS,Secondary Energy|Electricity|Wind,EJ/yr,0.23895089261099903,0.331454043562799,0.7280904169366551,1.584271365170589,3.347422646862642,5.9075212548135765,9.488702647480233,14.79379114555991,20.37673555075116,25.67549484511023,25.676281366677,25.676281366677,25.67654864153358
MESSAGEix-GLOBIOM-GAINS 2.1-M-R12,SSP2 - Low Emissions,WEU,Carbon Capture|Geological Storage,Mt CO2/yr,0.0,0.0,24.4841980323107,16.81168670922377,41.53855530022716,70.0767368386831,132.562404027738,332.1984630514568,541.272884893825,486.1299040758588,397.3518324402958,324.3850000437307,222.2122503176075
MESSAGEix-GLOBIOM-GAINS 2.1-M-R12,SSP2 - Low Emissions,WEU,Carbon Removal|Geological Storage,Mt CO2/yr,0.0,0.0,0.0,4.216560773990403,11.57702990576232,24.42553577195348,46.85401146257939,210.2498168758386,397.4729863868685,414.1103149975955,352.0351602762275,289.5503868238602,193.3747982913553
MESSAGEix-GLOBIOM-GAINS 2.1-M-R12,SSP2 - Low Emissions,WEU,Emissions|CH4,Mt CH4/yr,17.47821266158031,16.38899287949025,15.59163908214477,14.14785923103717,13.19671885232293,11.41458765574398,9.637468696384431,9.30102404104338,8.779694636241867,9.803587565262788,9.866348788122654,8.995552516477659,8.474789985554194
MESSAGEix-GLOBIOM-GAINS 2.1-M-R12,SSP2 - Low Emissions,WEU,Emissions|CO2,Mt CO2/yr,3450.496856547106,2771.477291894771,2043.11823978156,1652.391892133141,1244.671736736063,831.86096028649,369.5539806190005,-15.08981512105196,-380.7723054438542,-352.8497838422898,-214.891755472798,-164.9102674833156,-177.5926444953771
MESSAGEix-GLOBIOM-GAINS 2.1-M-R12,SSP2 - Low Emissions,WEU,Emissions|CO2|Energy and Industrial Processes,Mt CO2/yr,3370.550853616965,2709.732615347018,1998.131330380747,1672.361140276231,1328.914908609295,984.545549323381,590.0195252804291,336.5382287395973,96.38010386368664,-0.878792793779908,90.15240047867684,127.7638768003657,108.3220412845348
MESSAGEix-GLOBIOM-GAINS 2.1-M-R12,SSP2 - Low Emissions,WEU,Emissions|Kyoto Gases,Mt CO2-equiv/yr,4242.799394242751,3555.264058065627,2729.463732335032,2305.598736874554,1875.358232353931,1415.010503937904,905.794992280549,508.4518129888006,126.2271636028964,181.7437236410877,321.899178933976,345.0397397218059,315.3125139749468
MESSAGEix-GLOBIOM-GAINS 2.1-M-R12,SSP2 - Low Emissions,WEU,Emissions|N2O,kt N2O/yr,837.4904329981018,891.9923277399718,923.7503089479045,938.3990789957805,945.0401578369919,939.3672441946832,932.8402376055117,919.8603822962762,908.9971487192252,915.3890678688017,918.4328878175148,902.3170693410505,889.756369146007
MESSAGEix-GLOBIOM-GAINS 2.1-M-R12,SSP2 - Low Emissions,WEU,Primary Energy|Coal,EJ/yr,5.645766460061902,4.506596208322869,2.339991943900059,1.1451399020821351,0.33691526603701505,0.30505021961677403,0.0023527517881580004,0.0005583190278539568,0.0001324917224301867,7.461074559955688e-06,3.958992288672765e-07,2.139006596290963e-08,0.0
MESSAGEix-GLOBIOM-GAINS 2.1-M-R12,SSP2 - Low Emissions,WEU,Primary Energy|Gas,EJ/yr,17.390549764384,18.05324451924478,13.24218413827897,12.31995388894575,12.24928568693301,9.462417834145036,6.632119583478666,4.829852462448788,3.508528560707028,4.530922357068098,6.070557802771638,5.938892172850519,4.222941217324821
MESSAGEix-GLOBIOM-GAINS 2.1-M-R12,SSP2 - Low Emissions,WEU,Primary Energy|Oil,EJ/yr,16.88261111623206,16.54732630084235,13.57406258975842,11.0856980948451,7.99745805422636,5.697599064928117,3.594875349394568,2.483860711470765,1.436885469103602,0.055032542931072,0.081153257970225,0.029337330267525004,0.023783892427477003
MESSAGEix-GLOBIOM-GAINS 2.1-M-R12,SSP2 - Low Emissions,WEU,Secondary Energy|Electricity|Biomass,EJ/yr,0.46639724218411105,0.128394586852695,0.015549878202398,0.018735556399961002,0.022600261513154002,0.017920486702979,0.032208831179244,0.051559500194852004,0.08239709254912,0.14609658240004,0.15605972513773803,0.14805901523293902,0.12431381138981601
MESSAGEix-GLOBIOM-GAINS 2.1-M-R12,SSP2 - Low Emissions,WEU,Secondary Energy|Electricity|Geothermal,EJ/yr,0.045100546991911,0.050142882316634003,0.047250343072035,0.053487467390240004,0.060101936500702,0.082948447227984,0.11323049910712801,0.15183029949371302,0.2110580502339,0.39312004706330506,0.744114315007795,0.9287136020344811,1.156590492472492
MESSAGEix-GLOBIOM-GAINS 2.1-M-R12,SSP2 - Low Emissions,WEU,Secondary Energy|Electricity|Hydro,EJ/yr,2.105004832,2.105004832,2.105004832,2.105004832,2.105004832,2.105004831999999,2.6733303999999998,2.6733303999999998,2.6733303999999998,2.6733303999999998,2.6733303999999998,2.6733303999999998,2.6733303999999998
MESSAGEix-GLOBIOM-GAINS 2.1-M-R12,SSP2 - Low Emissions,WEU,Secondary Energy|Electricity|Solar,EJ/yr,0.595082021066857,1.082823791110854,4.07051785473276,3.879644089506809,4.123941631094255,4.947357030945478,5.5905331117686154,6.334466862385655,6.722112908974669,7.131076966963501,7.384501001636187,7.802730383330127,8.559466176419072
MESSAGEix-GLOBIOM-GAINS 2.1-M-R12,SSP2 - Low Emissions,WEU,Secondary Energy|Electricity|Wind,EJ/yr,1.722537585571197,2.259167917160592,3.01157710548969,3.011577105489699,3.011577105489692,3.011577105489692,3.011577105489692,4.555563001948737,5.417425547361597,6.461576910008699,6.61926783558189,7.229036652083876,9.033440487613275
MESSAGEix-GLOBIOM-GAINS 2.1-M-R12,SSP2 - Low Emissions,World,Carbon Capture|Geological Storage,Mt CO2/yr,0.0,0.0,215.866076095951,234.1483209183622,422.7387432875943,750.0681384310593,1382.089651601484,2442.394400172571,3915.963578075344,7823.9160851364,10021.58560607076,10235.19495042824,11694.20945697339
MESSAGEix-GLOBIOM-GAINS 2.1-M-R12,SSP2 - Low Emissions,World,Carbon Removal|Geological Storage,Mt CO2/yr,0.0,0.0,27.50148894979893,64.67839123802963,153.3071518505898,291.1780901214996,532.8261679808934,1065.209096101983,1837.399645878044,4212.397162182454,6315.346404148454,6813.28873842431,8399.23313395268
MESSAGEix-GLOBIOM-GAINS 2.1-M-R12,SSP2 - Low Emissions,World,Emissions|CH4,Mt CH4/yr,350.6207843735328,354.9586582118215,314.6749868071077,297.7238569104497,289.7690576788498,273.506225860547,260.9924597223661,244.4349206929296,224.1218639115795,194.756966952719,181.6498132939071,170.5108278846405,165.0808583396102
MESSAGEix-GLOBIOM-GAINS 2.1-M-R12,SSP2 - Low Emissions,World,Emissions|CO2,Mt CO2/yr,42426.52060557218,43362.43383606225,36495.32957905917,31170.27748040528,25816.73627119106,20548.57692341695,15172.96546892228,10187.640599815,6147.104939341063,-931.1844911130104,-4927.486028974875,-6531.767613285354,-8429.629483832787
MESSAGEix-GLOBIOM-GAINS 2.1-M-R12,SSP2 - Low Emissions,World,Emissions|CO2|Energy and Industrial Processes,Mt CO2/yr,37406.82308964371,38689.45127189216,34895.59973610614,30957.96972275678,26990.03841468584,22895.29861222958,18688.62613089831,14329.83162482893,10901.6134325385,4392.458915254306,754.5286538056862,-358.8527746463628,-1261.086449568559
MESSAGEix-GLOBIOM-GAINS 2.1-M-R12,SSP2 - Low Emissions,World,Emissions|Kyoto Gases,Mt CO2-equiv/yr,55477.86793461935,56922.58503340089,48918.7105715621,42900.90646298213,37257.36291870893,31595.83025027811,25927.5978393016,20535.59024284451,15975.76397734636,8111.912866415081,3858.034794305056,1990.484239962745,-60.9110371062693
MESSAGEix-GLOBIOM-GAINS 2.1-M-R12,SSP2 - Low Emissions,World,Emissions|N2O,kt N2O/yr,9543.04435266122,9986.758378266692,9930.084010845861,9851.75622850239,9710.870452173962,9546.980457202988,9407.398564758978,9259.554285660766,9144.808711645,9057.093082798992,9044.87536938006,8945.92769138112,8776.624537696567
MESSAGEix-GLOBIOM-GAINS 2.1-M-R12,SSP2 - Low Emissions,World,Primary Energy|Coal,EJ/yr,159.2718377135721,152.9177868999523,128.1428061484843,80.2436552837796,50.47948575107529,33.51092106392841,17.85950397124996,6.584440878758498,3.408082992880826,0.313530507794935,0.094275354504292,0.051183763414812004,0.030349299801803002
MESSAGEix-GLOBIOM-GAINS 2.1-M-R12,SSP2 - Low Emissions,World,Primary Energy|Gas,EJ/yr,143.5785404203717,157.6290678056118,149.8772513814361,170.7036716112042,185.3447410604656,183.8077672565702,182.439916539504,165.1483403573909,155.5940048121193,143.0018122282225,131.867009941831,119.6238277933529,114.1127276486632
MESSAGEix-GLOBIOM-GAINS 2.1-M-R12,SSP2 - Low Emissions,World,Primary Energy|Oil,EJ/yr,173.6952256447117,186.0916647594852,173.0201765771269,166.2662774581826,142.4054189976323,115.7496604300589,88.61806273744905,70.53285948533185,53.95571744967499,29.83675577301799,18.41781925127661,9.385946256404905,4.059713520432453
MESSAGEix-GLOBIOM-GAINS 2.1-M-R12,SSP2 - Low Emissions,World,Secondary Energy|Electricity|Biomass,EJ/yr,2.020016390404512,0.9863175745492001,1.170453690355283,1.180249340572453,0.9584490116144121,1.047826725188115,1.132575414902539,1.273560068047604,1.588192302790286,2.5789377335702293,3.638668544866114,4.200529923214386,4.7938337031946725
MESSAGEix-GLOBIOM-GAINS 2.1-M-R12,SSP2 - Low Emissions,World,Secondary Energy|Electricity|Geothermal,EJ/yr,0.34305929174641303,0.43144850743435603,0.395359717754563,0.45971991531756806,0.5475739907222621,0.7202472623475881,0.9623112108732451,1.293979884175314,1.768195096935273,3.197583167371534,5.930087974973698,9.63814540313656,12.07022729866497
MESSAGEix-GLOBIOM-GAINS 2.1-M-R12,SSP2 - Low Emissions,World,Secondary Energy|Electricity|Hydro,EJ/yr,15.7168386200237,17.02949989387769,18.09042392651888,21.81729719427678,22.83503996079024,23.4930404680179,24.61519681740124,25.04141027196862,25.39627727561095,25.85404294229452,26.20125836578327,26.52412524635403,26.8271541762437
MESSAGEix-GLOBIOM-GAINS 2.1-M-R12,SSP2 - Low Emissions,World,Secondary Energy|Electricity|Solar,EJ/yr,3.0746619774541952,7.942196602501718,24.54115894432532,37.77712925764855,50.26230115412988,68.28464433498881,85.34950986448695,103.0490765155737,117.500073762475,142.5186895138014,164.8607241271021,184.1880001104766,205.9305942040926
MESSAGEix-GLOBIOM-GAINS 2.1-M-R12,SSP2 - Low Emissions,World,Secondary Energy|Electricity|Wind,EJ/yr,5.71852156674939,10.39301592646496,15.60894346370836,19.47951394675447,26.3315542553204,35.96206307326719,51.3882640657167,71.1091997192237,88.12170351972733,121.1318395966863,142.9622712767145,168.6809732630336,192.4160462098786
