principle,start,state,region,gv,base,pct,grp,lab,off,xplot
CAPC,1990,Source,AFR,146934.88435504911,150644.6409100833,-2.4625878044002074,Lower resp.,CAPC 1990,FALSE,-2.4625878044002074
CAPC,1990,Source,CHN,663695.8158752584,668013.5292433327,-0.6463511858756811,Higher resp.,CAPC 1990,FALSE,-0.6463511858756811
CAPC,1990,Source,EEU,61087.129660093655,61523.73116335529,-0.7096473100800532,Higher resp.,CAPC 1990,FALSE,-0.7096473100800532
CAPC,1990,Source,FSU,100552.23060991422,102006.69131736126,-1.4258483327549076,Higher resp.,CAPC 1990,FALSE,-1.4258483327549076
CAPC,1990,Source,LAM,216030.4113234008,218841.43592540748,-1.2845029050918984,Lower resp.,CAPC 1990,FALSE,-1.2845029050918984
CAPC,1990,Source,MEA,285956.61591067887,287608.20685387275,-0.5742502834882643,Higher resp.,CAPC 1990,FALSE,-0.5742502834882643
CAPC,1990,Source,NAM,541147.1677710314,544172.754455517,-0.5559974584749242,Higher resp.,CAPC 1990,FALSE,-0.5559974584749242
CAPC,1990,Source,PAO,126262.21776051966,126929.60605925642,-0.5257940361251792,Higher resp.,CAPC 1990,FALSE,-0.5257940361251792
CAPC,1990,Source,PAS,284659.6128886806,286407.08052768884,-0.6101342312447847,Lower resp.,CAPC 1990,FALSE,-0.6101342312447847
CAPC,1990,Source,RCPA,48721.37725225753,48985.13654832773,-0.5384476081024756,Higher resp.,CAPC 1990,FALSE,-0.5384476081024756
CAPC,1990,Source,SAS,371541.54724644223,375858.3958231356,-1.1485305702003608,Lower resp.,CAPC 1990,FALSE,-1.1485305702003608
CAPC,1990,Source,WEU,415399.0394489928,416746.26670925645,-0.323272784397498,Higher resp.,CAPC 1990,FALSE,-0.323272784397498
CAPC,1990,Unlimited (U),AFR,181913.2052782999,150644.6409100833,20.756506291438637,Lower resp.,CAPC 1990,TRUE,4
CAPC,1990,Unlimited (U),CHN,650603.6717644157,668013.5292433327,-2.6062133050864045,Higher resp.,CAPC 1990,FALSE,-2.6062133050864045
CAPC,1990,Unlimited (U),EEU,59607.96321167991,61523.73116335529,-3.1138682837500693,Higher resp.,CAPC 1990,FALSE,-3.1138682837500693
CAPC,1990,Unlimited (U),FSU,97471.36497611133,102006.69131736126,-4.446106704058954,Higher resp.,CAPC 1990,TRUE,-4
CAPC,1990,Unlimited (U),LAM,213717.17177125972,218841.43592540748,-2.3415420084770324,Lower resp.,CAPC 1990,FALSE,-2.3415420084770324
CAPC,1990,Unlimited (U),MEA,280088.5845507818,287608.20685387275,-2.6145367635185326,Higher resp.,CAPC 1990,FALSE,-2.6145367635185326
CAPC,1990,Unlimited (U),NAM,528538.5602780223,544172.754455517,-2.8730203872734936,Higher resp.,CAPC 1990,FALSE,-2.8730203872734936
CAPC,1990,Unlimited (U),PAO,123752.12332870645,126929.60605925642,-2.503342466111943,Higher resp.,CAPC 1990,FALSE,-2.503342466111943
CAPC,1990,Unlimited (U),PAS,282158.8160934597,286407.08052768884,-1.483295883049375,Lower resp.,CAPC 1990,FALSE,-1.483295883049375
CAPC,1990,Unlimited (U),RCPA,48782.20448967534,48985.13654832773,-0.4142727222005013,Higher resp.,CAPC 1990,FALSE,-0.4142727222005013
CAPC,1990,Unlimited (U),SAS,385549.74334401195,375858.3958231356,2.5784571074040072,Lower resp.,CAPC 1990,FALSE,2.5784571074040072
CAPC,1990,Unlimited (U),WEU,408719.41231646034,416746.26670925645,-1.9260770963057143,Higher resp.,CAPC 1990,FALSE,-1.9260770963057143
CAPC,1990,Lowest-f. (L),AFR,160510.01565848646,150644.6409100833,6.548772454701251,Lower resp.,CAPC 1990,TRUE,4
CAPC,1990,Lowest-f. (L),CHN,656648.4423432112,668013.5292433327,-1.7013258568273175,Higher resp.,CAPC 1990,FALSE,-1.7013258568273175
CAPC,1990,Lowest-f. (L),EEU,60279.59638620806,61523.73116335529,-2.0222030647716287,Higher resp.,CAPC 1990,FALSE,-2.0222030647716287
CAPC,1990,Lowest-f. (L),FSU,99041.98929730158,102006.69131736126,-2.9063799460330992,Higher resp.,CAPC 1990,FALSE,-2.9063799460330992
CAPC,1990,Lowest-f. (L),LAM,214210.1259897281,218841.43592540748,-2.116285664136274,Lower resp.,CAPC 1990,FALSE,-2.116285664136274
CAPC,1990,Lowest-f. (L),MEA,281692.4131419974,287608.20685387275,-2.056893221715684,Higher resp.,CAPC 1990,FALSE,-2.056893221715684
CAPC,1990,Lowest-f. (L),NAM,535470.3138005442,544172.754455517,-1.5992055066557314,Higher resp.,CAPC 1990,FALSE,-1.5992055066557314
CAPC,1990,Lowest-f. (L),PAO,125130.45036405942,126929.60605925642,-1.4174436926536047,Higher resp.,CAPC 1990,FALSE,-1.4174436926536047
CAPC,1990,Lowest-f. (L),PAS,282586.9541770131,286407.08052768884,-1.3338100244021207,Lower resp.,CAPC 1990,FALSE,-1.3338100244021207
CAPC,1990,Lowest-f. (L),RCPA,48809.40332731647,48985.13654832773,-0.3587480476611321,Higher resp.,CAPC 1990,FALSE,-0.3587480476611321
CAPC,1990,Lowest-f. (L),SAS,377431.49263052596,375858.3958231356,0.4185344334121442,Lower resp.,CAPC 1990,FALSE,0.4185344334121442
CAPC,1990,Lowest-f. (L),WEU,411994.33564264345,416746.26670925645,-1.140245623346686,Higher resp.,CAPC 1990,FALSE,-1.140245623346686
CAPC,2015,Source,AFR,146934.88435504911,150644.6409100833,-2.4625878044002074,Lower resp.,CAPC 2015,FALSE,-2.4625878044002074
CAPC,2015,Source,CHN,663695.8158752584,668013.5292433327,-0.6463511858756811,Higher resp.,CAPC 2015,FALSE,-0.6463511858756811
CAPC,2015,Source,EEU,61087.129660093655,61523.73116335529,-0.7096473100800532,Higher resp.,CAPC 2015,FALSE,-0.7096473100800532
CAPC,2015,Source,FSU,100552.23060991422,102006.69131736126,-1.4258483327549076,Higher resp.,CAPC 2015,FALSE,-1.4258483327549076
CAPC,2015,Source,LAM,216030.4113234008,218841.43592540748,-1.2845029050918984,Lower resp.,CAPC 2015,FALSE,-1.2845029050918984
CAPC,2015,Source,MEA,285956.61591067887,287608.20685387275,-0.5742502834882643,Higher resp.,CAPC 2015,FALSE,-0.5742502834882643
CAPC,2015,Source,NAM,541147.1677710314,544172.754455517,-0.5559974584749242,Higher resp.,CAPC 2015,FALSE,-0.5559974584749242
CAPC,2015,Source,PAO,126262.21776051966,126929.60605925642,-0.5257940361251792,Higher resp.,CAPC 2015,FALSE,-0.5257940361251792
CAPC,2015,Source,PAS,284659.6128886806,286407.08052768884,-0.6101342312447847,Lower resp.,CAPC 2015,FALSE,-0.6101342312447847
CAPC,2015,Source,RCPA,48721.37725225753,48985.13654832773,-0.5384476081024756,Higher resp.,CAPC 2015,FALSE,-0.5384476081024756
CAPC,2015,Source,SAS,371541.54724644223,375858.3958231356,-1.1485305702003608,Lower resp.,CAPC 2015,FALSE,-1.1485305702003608
CAPC,2015,Source,WEU,415399.0394489928,416746.26670925645,-0.323272784397498,Higher resp.,CAPC 2015,FALSE,-0.323272784397498
CAPC,2015,Unlimited (U),AFR,172415.1555706389,150644.6409100833,14.45156928851518,Lower resp.,CAPC 2015,TRUE,4
CAPC,2015,Unlimited (U),CHN,651916.8611607433,668013.5292433327,-2.4096320475458484,Higher resp.,CAPC 2015,FALSE,-2.4096320475458484
CAPC,2015,Unlimited (U),EEU,60334.960943169164,61523.73116335529,-1.9322141191823214,Higher resp.,CAPC 2015,FALSE,-1.9322141191823214
CAPC,2015,Unlimited (U),FSU,99730.46377183279,102006.69131736126,-2.2314492472329226,Higher resp.,CAPC 2015,FALSE,-2.2314492472329226
CAPC,2015,Unlimited (U),LAM,214836.76496557985,218841.43592540748,-1.8299418219832169,Lower resp.,CAPC 2015,FALSE,-1.8299418219832169
CAPC,2015,Unlimited (U),MEA,281092.1865885101,287608.20685387275,-2.265589127876756,Higher resp.,CAPC 2015,FALSE,-2.265589127876756
CAPC,2015,Unlimited (U),NAM,535612.177263236,544172.754455517,-1.5731359429867968,Higher resp.,CAPC 2015,FALSE,-1.5731359429867968
CAPC,2015,Unlimited (U),PAO,125368.20966630202,126929.60605925642,-1.2301278176389103,Higher resp.,CAPC 2015,FALSE,-1.2301278176389103
CAPC,2015,Unlimited (U),PAS,283109.0577696902,286407.08052768884,-1.1515157907137796,Lower resp.,CAPC 2015,FALSE,-1.1515157907137796
CAPC,2015,Unlimited (U),RCPA,48213.89712069406,48985.13654832773,-1.5744355981794227,Higher resp.,CAPC 2015,FALSE,-1.5744355981794227
CAPC,2015,Unlimited (U),SAS,376818.88985566073,375858.3958231356,0.255546781234356,Lower resp.,CAPC 2015,FALSE,0.255546781234356
CAPC,2015,Unlimited (U),WEU,412292.23851310165,416746.26670925645,-1.0687625905626075,Higher resp.,CAPC 2015,FALSE,-1.0687625905626075
CAPC,2015,Lowest-f. (L),AFR,153687.61353137426,150644.6409100833,2.0199673900827526,Lower resp.,CAPC 2015,FALSE,2.0199673900827526
CAPC,2015,Lowest-f. (L),CHN,656490.5985382214,668013.5292433327,-1.7249546903882935,Higher resp.,CAPC 2015,FALSE,-1.7249546903882935
CAPC,2015,Lowest-f. (L),EEU,60415.78745521223,61523.73116335529,-1.8008395901758494,Higher resp.,CAPC 2015,FALSE,-1.8008395901758494
CAPC,2015,Lowest-f. (L),FSU,100641.26572134954,102006.69131736126,-1.3385647337228392,Higher resp.,CAPC 2015,FALSE,-1.3385647337228392
CAPC,2015,Lowest-f. (L),LAM,213338.31722755908,218841.43592540748,-2.5146602948283308,Lower resp.,CAPC 2015,FALSE,-2.5146602948283308
CAPC,2015,Lowest-f. (L),MEA,280669.8364581956,287608.20685387275,-2.4124382511805003,Higher resp.,CAPC 2015,FALSE,-2.4124382511805003
CAPC,2015,Lowest-f. (L),NAM,537048.6511385961,544172.754455517,-1.3091620737332008,Higher resp.,CAPC 2015,FALSE,-1.3091620737332008
CAPC,2015,Lowest-f. (L),PAO,125373.99688449553,126929.60605925642,-1.2255684257261934,Higher resp.,CAPC 2015,FALSE,-1.2255684257261934
CAPC,2015,Lowest-f. (L),PAS,282022.77830163424,286407.08052768884,-1.5307939377674498,Lower resp.,CAPC 2015,FALSE,-1.5307939377674498
CAPC,2015,Lowest-f. (L),RCPA,48008.577062583856,48985.13654832773,-1.993583267406887,Higher resp.,CAPC 2015,FALSE,-1.993583267406887
CAPC,2015,Lowest-f. (L),SAS,374220.51534998504,375858.3958231356,-0.4357706230197672,Lower resp.,CAPC 2015,FALSE,-0.4357706230197672
CAPC,2015,Lowest-f. (L),WEU,412952.6842103274,416746.26670925645,-0.9102858986318534,Higher resp.,CAPC 2015,FALSE,-0.9102858986318534
CAPC,2025,Source,AFR,146934.88435504911,150644.6409100833,-2.4625878044002074,Lower resp.,CAPC 2025,FALSE,-2.4625878044002074
CAPC,2025,Source,CHN,663695.8158752584,668013.5292433327,-0.6463511858756811,Higher resp.,CAPC 2025,FALSE,-0.6463511858756811
CAPC,2025,Source,EEU,61087.129660093655,61523.73116335529,-0.7096473100800532,Higher resp.,CAPC 2025,FALSE,-0.7096473100800532
CAPC,2025,Source,FSU,100552.23060991422,102006.69131736126,-1.4258483327549076,Higher resp.,CAPC 2025,FALSE,-1.4258483327549076
CAPC,2025,Source,LAM,216030.4113234008,218841.43592540748,-1.2845029050918984,Lower resp.,CAPC 2025,FALSE,-1.2845029050918984
CAPC,2025,Source,MEA,285956.61591067887,287608.20685387275,-0.5742502834882643,Higher resp.,CAPC 2025,FALSE,-0.5742502834882643
CAPC,2025,Source,NAM,541147.1677710314,544172.754455517,-0.5559974584749242,Higher resp.,CAPC 2025,FALSE,-0.5559974584749242
CAPC,2025,Source,PAO,126262.21776051966,126929.60605925642,-0.5257940361251792,Higher resp.,CAPC 2025,FALSE,-0.5257940361251792
CAPC,2025,Source,PAS,284659.6128886806,286407.08052768884,-0.6101342312447847,Lower resp.,CAPC 2025,FALSE,-0.6101342312447847
CAPC,2025,Source,RCPA,48721.37725225753,48985.13654832773,-0.5384476081024756,Higher resp.,CAPC 2025,FALSE,-0.5384476081024756
CAPC,2025,Source,SAS,371541.54724644223,375858.3958231356,-1.1485305702003608,Lower resp.,CAPC 2025,FALSE,-1.1485305702003608
CAPC,2025,Source,WEU,415399.0394489928,416746.26670925645,-0.323272784397498,Higher resp.,CAPC 2025,FALSE,-0.323272784397498
CAPC,2025,Unlimited (U),AFR,166032.66914253627,150644.6409100833,10.214786360463862,Lower resp.,CAPC 2025,TRUE,4
CAPC,2025,Unlimited (U),CHN,655302.0430671752,668013.5292433327,-1.9028785525580516,Higher resp.,CAPC 2025,FALSE,-1.9028785525580516
CAPC,2025,Unlimited (U),EEU,60575.64292276162,61523.73116335529,-1.5410122609052217,Higher resp.,CAPC 2025,FALSE,-1.5410122609052217
CAPC,2025,Unlimited (U),FSU,100483.98959864739,102006.69131736126,-1.4927468963545438,Higher resp.,CAPC 2025,FALSE,-1.4927468963545438
CAPC,2025,Unlimited (U),LAM,215067.3385261443,218841.43592540748,-1.7245808058715104,Lower resp.,CAPC 2025,FALSE,-1.7245808058715104
CAPC,2025,Unlimited (U),MEA,281931.85090538964,287608.20685387275,-1.973641854860955,Higher resp.,CAPC 2025,FALSE,-1.973641854860955
CAPC,2025,Unlimited (U),NAM,537792.4840587423,544172.754455517,-1.1724714889775505,Higher resp.,CAPC 2025,FALSE,-1.1724714889775505
CAPC,2025,Unlimited (U),PAO,125875.20028893207,126929.60605925642,-0.8307012075906872,Higher resp.,CAPC 2025,FALSE,-0.8307012075906872
CAPC,2025,Unlimited (U),PAS,283521.2054667032,286407.08052768884,-1.0076130295621741,Lower resp.,CAPC 2025,FALSE,-1.0076130295621741
CAPC,2025,Unlimited (U),RCPA,48179.004155819086,48985.13654832773,-1.6456673377103552,Higher resp.,CAPC 2025,FALSE,-1.6456673377103552
CAPC,2025,Unlimited (U),SAS,373893.0341817492,375858.3958231356,-0.5228994917307184,Lower resp.,CAPC 2025,FALSE,-0.5228994917307184
CAPC,2025,Unlimited (U),WEU,413247.5805210443,416746.26670925645,-0.8395243023623756,Higher resp.,CAPC 2025,FALSE,-0.8395243023623756
CAPC,2025,Lowest-f. (L),AFR,152204.75542132687,150644.6409100833,1.0356256298388755,Lower resp.,CAPC 2025,FALSE,1.0356256298388755
CAPC,2025,Lowest-f. (L),CHN,658625.5155675313,668013.5292433327,-1.405362805516119,Higher resp.,CAPC 2025,FALSE,-1.405362805516119
CAPC,2025,Lowest-f. (L),EEU,60633.805769083694,61523.73116335529,-1.4464750063820113,Higher resp.,CAPC 2025,FALSE,-1.4464750063820113
CAPC,2025,Lowest-f. (L),FSU,101204.2519777067,102006.69131736126,-0.7866536295722164,Higher resp.,CAPC 2025,FALSE,-0.7866536295722164
CAPC,2025,Lowest-f. (L),LAM,214315.94583989392,218841.43592540748,-2.067931087354081,Lower resp.,CAPC 2025,FALSE,-2.067931087354081
CAPC,2025,Lowest-f. (L),MEA,281861.66201256367,287608.20685387275,-1.9980461976972612,Higher resp.,CAPC 2025,FALSE,-1.9980461976972612
CAPC,2025,Lowest-f. (L),NAM,538550.8306182646,544172.754455517,-1.0331138027808018,Higher resp.,CAPC 2025,FALSE,-1.0331138027808018
CAPC,2025,Lowest-f. (L),PAO,126249.01770189565,126929.60605925642,-0.536193547345481,Higher resp.,CAPC 2025,FALSE,-0.536193547345481
CAPC,2025,Lowest-f. (L),PAS,282844.0933692393,286407.08052768884,-1.2440290065053345,Lower resp.,CAPC 2025,FALSE,-1.2440290065053345
CAPC,2025,Lowest-f. (L),RCPA,48177.30128330436,48985.13654832773,-1.649143642227838,Higher resp.,CAPC 2025,FALSE,-1.649143642227838
CAPC,2025,Lowest-f. (L),SAS,373042.9333373095,375858.3958231356,-0.7490753212151089,Lower resp.,CAPC 2025,FALSE,-0.7490753212151089
CAPC,2025,Lowest-f. (L),WEU,413563.34097997413,416746.26670925645,-0.7637562669524497,Higher resp.,CAPC 2025,FALSE,-0.7637562669524497
ECPC,1990,Source,AFR,146934.88435504911,150644.6409100833,-2.4625878044002074,Lower resp.,ECPC 1990,FALSE,-2.4625878044002074
ECPC,1990,Source,CHN,663695.8158752584,668013.5292433327,-0.6463511858756811,Higher resp.,ECPC 1990,FALSE,-0.6463511858756811
ECPC,1990,Source,EEU,61087.129660093655,61523.73116335529,-0.7096473100800532,Higher resp.,ECPC 1990,FALSE,-0.7096473100800532
ECPC,1990,Source,FSU,100552.23060991422,102006.69131736126,-1.4258483327549076,Higher resp.,ECPC 1990,FALSE,-1.4258483327549076
ECPC,1990,Source,LAM,216030.4113234008,218841.43592540748,-1.2845029050918984,Lower resp.,ECPC 1990,FALSE,-1.2845029050918984
ECPC,1990,Source,MEA,285956.61591067887,287608.20685387275,-0.5742502834882643,Higher resp.,ECPC 1990,FALSE,-0.5742502834882643
ECPC,1990,Source,NAM,541147.1677710314,544172.754455517,-0.5559974584749242,Higher resp.,ECPC 1990,FALSE,-0.5559974584749242
ECPC,1990,Source,PAO,126262.21776051966,126929.60605925642,-0.5257940361251792,Higher resp.,ECPC 1990,FALSE,-0.5257940361251792
ECPC,1990,Source,PAS,284659.6128886806,286407.08052768884,-0.6101342312447847,Lower resp.,ECPC 1990,FALSE,-0.6101342312447847
ECPC,1990,Source,RCPA,48721.37725225753,48985.13654832773,-0.5384476081024756,Higher resp.,ECPC 1990,FALSE,-0.5384476081024756
ECPC,1990,Source,SAS,371541.54724644223,375858.3958231356,-1.1485305702003608,Lower resp.,ECPC 1990,FALSE,-1.1485305702003608
ECPC,1990,Source,WEU,415399.0394489928,416746.26670925645,-0.323272784397498,Higher resp.,ECPC 1990,FALSE,-0.323272784397498
ECPC,1990,Unlimited (U),AFR,162277.29393836082,150644.6409100833,7.721916264662078,Lower resp.,ECPC 1990,TRUE,4
ECPC,1990,Unlimited (U),CHN,654554.767436219,668013.5292433327,-2.0147438963337407,Higher resp.,ECPC 1990,FALSE,-2.0147438963337407
ECPC,1990,Unlimited (U),EEU,60232.59046922952,61523.73116335529,-2.0986059683174654,Higher resp.,ECPC 1990,FALSE,-2.0986059683174654
ECPC,1990,Unlimited (U),FSU,98623.03729919439,102006.69131736126,-3.3170902560104696,Higher resp.,ECPC 1990,FALSE,-3.3170902560104696
ECPC,1990,Unlimited (U),LAM,216358.45960477352,218841.43592540748,-1.1346006345344413,Lower resp.,ECPC 1990,FALSE,-1.1346006345344413
ECPC,1990,Unlimited (U),MEA,283704.42677943554,287608.20685387275,-1.357325688700055,Higher resp.,ECPC 1990,FALSE,-1.357325688700055
ECPC,1990,Unlimited (U),NAM,532300.9517052044,544172.754455517,-2.181623878283134,Higher resp.,ECPC 1990,FALSE,-2.181623878283134
ECPC,1990,Unlimited (U),PAO,124826.04253549404,126929.60605925642,-1.6572678266883942,Higher resp.,ECPC 1990,FALSE,-1.6572678266883942
ECPC,1990,Unlimited (U),PAS,285181.0629113967,286407.08052768884,-0.4280681937168951,Lower resp.,ECPC 1990,FALSE,-0.4280681937168951
ECPC,1990,Unlimited (U),RCPA,48663.07286541592,48985.13654832773,-0.6574722571081828,Higher resp.,ECPC 1990,FALSE,-0.6574722571081828
ECPC,1990,Unlimited (U),SAS,382495.1771106394,375858.3958231356,1.7657664059809348,Lower resp.,ECPC 1990,FALSE,1.7657664059809348
ECPC,1990,Unlimited (U),WEU,412510.5576637991,416746.26670925645,-1.0163760023343917,Higher resp.,ECPC 1990,FALSE,-1.0163760023343917
ECPC,1990,Lowest-f. (L),AFR,153216.74443748168,150644.6409100833,1.7073979610954817,Lower resp.,ECPC 1990,FALSE,1.7073979610954817
ECPC,1990,Lowest-f. (L),CHN,655826.204830513,668013.5292433327,-1.8244128119118235,Higher resp.,ECPC 1990,FALSE,-1.8244128119118235
ECPC,1990,Lowest-f. (L),EEU,60367.68575597429,61523.73116335529,-1.8790235662260335,Higher resp.,ECPC 1990,FALSE,-1.8790235662260335
ECPC,1990,Lowest-f. (L),FSU,98487.73386776268,102006.69131736126,-3.4497319775331796,Higher resp.,ECPC 1990,FALSE,-3.4497319775331796
ECPC,1990,Lowest-f. (L),LAM,216375.78261246884,218841.43592540748,-1.1266848540415626,Lower resp.,ECPC 1990,FALSE,-1.1266848540415626
ECPC,1990,Lowest-f. (L),MEA,284187.23130028957,287608.20685387275,-1.1894568625162008,Higher resp.,ECPC 1990,FALSE,-1.1894568625162008
ECPC,1990,Lowest-f. (L),NAM,534875.9294617228,544172.754455517,-1.7084326471097082,Higher resp.,ECPC 1990,FALSE,-1.7084326471097082
ECPC,1990,Lowest-f. (L),PAO,125117.35444493582,126929.60605925642,-1.427761158791087,Higher resp.,ECPC 1990,FALSE,-1.427761158791087
ECPC,1990,Lowest-f. (L),PAS,285110.4417903427,286407.08052768884,-0.4527257967775023,Lower resp.,ECPC 1990,FALSE,-0.4527257967775023
ECPC,1990,Lowest-f. (L),RCPA,48689.587624375745,48985.13654832773,-0.6033440851193829,Higher resp.,ECPC 1990,FALSE,-0.6033440851193829
ECPC,1990,Lowest-f. (L),SAS,376532.2854522225,375858.3958231356,0.17929348833915454,Lower resp.,ECPC 1990,FALSE,0.17929348833915454
ECPC,1990,Lowest-f. (L),WEU,412794.5324906757,416746.26670925645,-0.9482350615363033,Higher resp.,ECPC 1990,FALSE,-0.9482350615363033
ECPC,2015,Source,AFR,146934.88435504911,150644.6409100833,-2.4625878044002074,Lower resp.,ECPC 2015,FALSE,-2.4625878044002074
ECPC,2015,Source,CHN,663695.8158752584,668013.5292433327,-0.6463511858756811,Higher resp.,ECPC 2015,FALSE,-0.6463511858756811
ECPC,2015,Source,EEU,61087.129660093655,61523.73116335529,-0.7096473100800532,Higher resp.,ECPC 2015,FALSE,-0.7096473100800532
ECPC,2015,Source,FSU,100552.23060991422,102006.69131736126,-1.4258483327549076,Higher resp.,ECPC 2015,FALSE,-1.4258483327549076
ECPC,2015,Source,LAM,216030.4113234008,218841.43592540748,-1.2845029050918984,Lower resp.,ECPC 2015,FALSE,-1.2845029050918984
ECPC,2015,Source,MEA,285956.61591067887,287608.20685387275,-0.5742502834882643,Higher resp.,ECPC 2015,FALSE,-0.5742502834882643
ECPC,2015,Source,NAM,541147.1677710314,544172.754455517,-0.5559974584749242,Higher resp.,ECPC 2015,FALSE,-0.5559974584749242
ECPC,2015,Source,PAO,126262.21776051966,126929.60605925642,-0.5257940361251792,Higher resp.,ECPC 2015,FALSE,-0.5257940361251792
ECPC,2015,Source,PAS,284659.6128886806,286407.08052768884,-0.6101342312447847,Lower resp.,ECPC 2015,FALSE,-0.6101342312447847
ECPC,2015,Source,RCPA,48721.37725225753,48985.13654832773,-0.5384476081024756,Higher resp.,ECPC 2015,FALSE,-0.5384476081024756
ECPC,2015,Source,SAS,371541.54724644223,375858.3958231356,-1.1485305702003608,Lower resp.,ECPC 2015,FALSE,-1.1485305702003608
ECPC,2015,Source,WEU,415399.0394489928,416746.26670925645,-0.323272784397498,Higher resp.,ECPC 2015,FALSE,-0.323272784397498
ECPC,2015,Unlimited (U),AFR,157338.27860454106,150644.6409100833,4.443329450035361,Lower resp.,ECPC 2015,TRUE,4
ECPC,2015,Unlimited (U),CHN,655920.1997712401,668013.5292433327,-1.8103419979818114,Higher resp.,ECPC 2015,FALSE,-1.8103419979818114
ECPC,2015,Unlimited (U),EEU,60689.052116008424,61523.73116335529,-1.3566781980934461,Higher resp.,ECPC 2015,FALSE,-1.3566781980934461
ECPC,2015,Unlimited (U),FSU,100339.52301375952,102006.69131736126,-1.6343715123695886,Higher resp.,ECPC 2015,FALSE,-1.6343715123695886
ECPC,2015,Unlimited (U),LAM,216286.3029082322,218841.43592540748,-1.1675727708376944,Lower resp.,ECPC 2015,FALSE,-1.1675727708376944
ECPC,2015,Unlimited (U),MEA,283298.4720832854,287608.20685387275,-1.4984741978440947,Higher resp.,ECPC 2015,FALSE,-1.4984741978440947
ECPC,2015,Unlimited (U),NAM,537596.9690124715,544172.754455517,-1.2084003451486802,Higher resp.,ECPC 2015,FALSE,-1.2084003451486802
ECPC,2015,Unlimited (U),PAO,125958.37705524977,126929.60605925642,-0.7651713687295544,Higher resp.,ECPC 2015,FALSE,-0.7651713687295544
ECPC,2015,Unlimited (U),PAS,284926.4096540842,286407.08052768884,-0.516981239038017,Lower resp.,ECPC 2015,FALSE,-0.516981239038017
ECPC,2015,Unlimited (U),RCPA,48397.98232876224,48985.13654832773,-1.1986375070858826,Higher resp.,ECPC 2015,FALSE,-1.1986375070858826
ECPC,2015,Unlimited (U),SAS,376868.7220242666,375858.3958231356,0.26880501070578866,Lower resp.,ECPC 2015,FALSE,0.26880501070578866
ECPC,2015,Unlimited (U),WEU,414390.0824495572,416746.26670925645,-0.5653762127983368,Higher resp.,ECPC 2015,FALSE,-0.5653762127983368
ECPC,2015,Lowest-f. (L),AFR,153172.05228715,150644.6409100833,1.6777306924414574,Lower resp.,ECPC 2015,FALSE,1.6777306924414574
ECPC,2015,Lowest-f. (L),CHN,657938.1349701105,668013.5292433327,-1.5082620085007434,Higher resp.,ECPC 2015,FALSE,-1.5082620085007434
ECPC,2015,Lowest-f. (L),EEU,60748.66786863018,61523.73116335529,-1.259779405555217,Higher resp.,ECPC 2015,FALSE,-1.259779405555217
ECPC,2015,Lowest-f. (L),FSU,100790.45001864505,102006.69131736126,-1.1923152128640888,Higher resp.,ECPC 2015,FALSE,-1.1923152128640888
ECPC,2015,Lowest-f. (L),LAM,216307.5474963966,218841.43592540748,-1.157865016876671,Lower resp.,ECPC 2015,FALSE,-1.157865016876671
ECPC,2015,Lowest-f. (L),MEA,283936.31373265386,287608.20685387275,-1.276699702482585,Higher resp.,ECPC 2015,FALSE,-1.276699702482585
ECPC,2015,Lowest-f. (L),NAM,538441.0746100906,544172.754455517,-1.0532831345371954,Higher resp.,ECPC 2015,FALSE,-1.0532831345371954
ECPC,2015,Lowest-f. (L),PAO,126277.12827698432,126929.60605925642,-0.5140469607756347,Higher resp.,ECPC 2015,FALSE,-0.5140469607756347
ECPC,2015,Lowest-f. (L),PAS,284823.22732457175,286407.08052768884,-0.5530076980635154,Lower resp.,ECPC 2015,FALSE,-0.5530076980635154
ECPC,2015,Lowest-f. (L),RCPA,48394.24703695614,48985.13654832773,-1.2062628646316667,Higher resp.,ECPC 2015,FALSE,-1.2062628646316667
ECPC,2015,Lowest-f. (L),SAS,374940.6097780558,375858.3958231356,-0.24418399463176887,Lower resp.,ECPC 2015,FALSE,-0.24418399463176887
ECPC,2015,Lowest-f. (L),WEU,414414.1397722903,416746.26670925645,-0.5596035581509258,Higher resp.,ECPC 2015,FALSE,-0.5596035581509258
ECPC,2015*,Source,AFR,146934.88435504911,150644.6409100833,-2.4625878044002074,Lower resp.,ECPC 2015*,FALSE,-2.4625878044002074
ECPC,2015*,Source,CHN,663695.8158752584,668013.5292433327,-0.6463511858756811,Higher resp.,ECPC 2015*,FALSE,-0.6463511858756811
ECPC,2015*,Source,EEU,61087.129660093655,61523.73116335529,-0.7096473100800532,Higher resp.,ECPC 2015*,FALSE,-0.7096473100800532
ECPC,2015*,Source,FSU,100552.23060991422,102006.69131736126,-1.4258483327549076,Higher resp.,ECPC 2015*,FALSE,-1.4258483327549076
ECPC,2015*,Source,LAM,216030.4113234008,218841.43592540748,-1.2845029050918984,Lower resp.,ECPC 2015*,FALSE,-1.2845029050918984
ECPC,2015*,Source,MEA,285956.61591067887,287608.20685387275,-0.5742502834882643,Higher resp.,ECPC 2015*,FALSE,-0.5742502834882643
ECPC,2015*,Source,NAM,541147.1677710314,544172.754455517,-0.5559974584749242,Higher resp.,ECPC 2015*,FALSE,-0.5559974584749242
ECPC,2015*,Source,PAO,126262.21776051966,126929.60605925642,-0.5257940361251792,Higher resp.,ECPC 2015*,FALSE,-0.5257940361251792
ECPC,2015*,Source,PAS,284659.6128886806,286407.08052768884,-0.6101342312447847,Lower resp.,ECPC 2015*,FALSE,-0.6101342312447847
ECPC,2015*,Source,RCPA,48721.37725225753,48985.13654832773,-0.5384476081024756,Higher resp.,ECPC 2015*,FALSE,-0.5384476081024756
ECPC,2015*,Source,SAS,371541.54724644223,375858.3958231356,-1.1485305702003608,Lower resp.,ECPC 2015*,FALSE,-1.1485305702003608
ECPC,2015*,Source,WEU,415399.0394489928,416746.26670925645,-0.323272784397498,Higher resp.,ECPC 2015*,FALSE,-0.323272784397498
ECPC,2015*,Unlimited (U),AFR,157291.7540163013,150644.6409100833,4.412445783707312,Lower resp.,ECPC 2015*,TRUE,4
ECPC,2015*,Unlimited (U),CHN,655832.3737111334,668013.5292433327,-1.823489345492307,Higher resp.,ECPC 2015*,FALSE,-1.823489345492307
ECPC,2015*,Unlimited (U),EEU,60687.53270228104,61523.73116335529,-1.3591478365543392,Higher resp.,ECPC 2015*,FALSE,-1.3591478365543392
ECPC,2015*,Unlimited (U),FSU,100348.03554587292,102006.69131736126,-1.6260264400969153,Higher resp.,ECPC 2015*,FALSE,-1.6260264400969153
ECPC,2015*,Unlimited (U),LAM,216282.44776216528,218841.43592540748,-1.1693343869825639,Lower resp.,ECPC 2015*,FALSE,-1.1693343869825639
ECPC,2015*,Unlimited (U),MEA,283307.16240509064,287608.20685387275,-1.4954526144545561,Higher resp.,ECPC 2015*,FALSE,-1.4954526144545561
ECPC,2015*,Unlimited (U),NAM,537585.8420632504,544172.754455517,-1.210445090889812,Higher resp.,ECPC 2015*,FALSE,-1.210445090889812
ECPC,2015*,Unlimited (U),PAO,125957.14232358143,126929.60605925642,-0.7661441375789023,Higher resp.,ECPC 2015*,FALSE,-0.7661441375789023
ECPC,2015*,Unlimited (U),PAS,284919.055579989,286407.08052768884,-0.5195489388594221,Lower resp.,ECPC 2015*,FALSE,-0.5195489388594221
ECPC,2015*,Unlimited (U),RCPA,48396.10535801602,48985.13654832773,-1.2024692219252766,Higher resp.,ECPC 2015*,FALSE,-1.2024692219252766
ECPC,2015*,Unlimited (U),SAS,376870.4275831171,375858.3958231356,0.269258787678564,Lower resp.,ECPC 2015*,FALSE,0.269258787678564
ECPC,2015*,Unlimited (U),WEU,414386.6527028562,416746.26670925645,-0.566199194784008,Higher resp.,ECPC 2015*,FALSE,-0.566199194784008
ECPC,2015*,Lowest-f. (L),AFR,151806.07383268638,150644.6409100833,0.7709752670832168,Lower resp.,ECPC 2015*,FALSE,0.7709752670832168
ECPC,2015*,Lowest-f. (L),CHN,657260.0760575074,668013.5292433327,-1.6097657779485142,Higher resp.,ECPC 2015*,FALSE,-1.6097657779485142
ECPC,2015*,Lowest-f. (L),EEU,60661.05337402287,61523.73116335529,-1.402187047209265,Higher resp.,ECPC 2015*,FALSE,-1.402187047209265
ECPC,2015*,Lowest-f. (L),FSU,100917.211053189,102006.69131736126,-1.068047840883966,Higher resp.,ECPC 2015*,FALSE,-1.068047840883966
ECPC,2015*,Lowest-f. (L),LAM,216335.20910570328,218841.43592540748,-1.1452249932039615,Lower resp.,ECPC 2015*,FALSE,-1.1452249932039615
ECPC,2015*,Lowest-f. (L),MEA,283637.2610863408,287608.20685387275,-1.3806788794276224,Higher resp.,ECPC 2015*,FALSE,-1.3806788794276224
ECPC,2015*,Lowest-f. (L),NAM,537698.1673638916,544172.754455517,-1.1898036126604157,Higher resp.,ECPC 2015*,FALSE,-1.1898036126604157
ECPC,2015*,Lowest-f. (L),PAO,126342.48654495506,126929.60605925642,-0.46255521665076893,Higher resp.,ECPC 2015*,FALSE,-0.46255521665076893
ECPC,2015*,Lowest-f. (L),PAS,284876.144549496,286407.08052768884,-0.5345314701620411,Lower resp.,ECPC 2015*,FALSE,-0.5345314701620411
ECPC,2015*,Lowest-f. (L),RCPA,48350.35542922937,48985.13654832773,-1.2958647537342292,Higher resp.,ECPC 2015*,FALSE,-1.2958647537342292
ECPC,2015*,Lowest-f. (L),SAS,374307.8929122194,375858.3958231356,-0.41252315450360044,Lower resp.,ECPC 2015*,FALSE,-0.41252315450360044
ECPC,2015*,Lowest-f. (L),WEU,413852.5326687969,416746.26670925645,-0.6943635184327582,Higher resp.,ECPC 2015*,FALSE,-0.6943635184327582
ECPC,2025,Source,AFR,146934.88435504911,150644.6409100833,-2.4625878044002074,Lower resp.,ECPC 2025,FALSE,-2.4625878044002074
ECPC,2025,Source,CHN,663695.8158752584,668013.5292433327,-0.6463511858756811,Higher resp.,ECPC 2025,FALSE,-0.6463511858756811
ECPC,2025,Source,EEU,61087.129660093655,61523.73116335529,-0.7096473100800532,Higher resp.,ECPC 2025,FALSE,-0.7096473100800532
ECPC,2025,Source,FSU,100552.23060991422,102006.69131736126,-1.4258483327549076,Higher resp.,ECPC 2025,FALSE,-1.4258483327549076
ECPC,2025,Source,LAM,216030.4113234008,218841.43592540748,-1.2845029050918984,Lower resp.,ECPC 2025,FALSE,-1.2845029050918984
ECPC,2025,Source,MEA,285956.61591067887,287608.20685387275,-0.5742502834882643,Higher resp.,ECPC 2025,FALSE,-0.5742502834882643
ECPC,2025,Source,NAM,541147.1677710314,544172.754455517,-0.5559974584749242,Higher resp.,ECPC 2025,FALSE,-0.5559974584749242
ECPC,2025,Source,PAO,126262.21776051966,126929.60605925642,-0.5257940361251792,Higher resp.,ECPC 2025,FALSE,-0.5257940361251792
ECPC,2025,Source,PAS,284659.6128886806,286407.08052768884,-0.6101342312447847,Lower resp.,ECPC 2025,FALSE,-0.6101342312447847
ECPC,2025,Source,RCPA,48721.37725225753,48985.13654832773,-0.5384476081024756,Higher resp.,ECPC 2025,FALSE,-0.5384476081024756
ECPC,2025,Source,SAS,371541.54724644223,375858.3958231356,-1.1485305702003608,Lower resp.,ECPC 2025,FALSE,-1.1485305702003608
ECPC,2025,Source,WEU,415399.0394489928,416746.26670925645,-0.323272784397498,Higher resp.,ECPC 2025,FALSE,-0.323272784397498
ECPC,2025,Unlimited (U),AFR,154548.1352814702,150644.6409100833,2.5911936513671274,Lower resp.,ECPC 2025,FALSE,2.5911936513671274
ECPC,2025,Unlimited (U),CHN,658197.3531156499,668013.5292433327,-1.4694576828109598,Higher resp.,ECPC 2025,FALSE,-1.4694576828109598
ECPC,2025,Unlimited (U),EEU,60814.02790683156,61523.73116335529,-1.1535439140375872,Higher resp.,ECPC 2025,FALSE,-1.1535439140375872
ECPC,2025,Unlimited (U),FSU,100906.21057600398,102006.69131736126,-1.0788319149902394,Higher resp.,ECPC 2025,FALSE,-1.0788319149902394
ECPC,2025,Unlimited (U),LAM,216120.13921022596,218841.43592540748,-1.243501580801674,Lower resp.,ECPC 2025,FALSE,-1.243501580801674
ECPC,2025,Unlimited (U),MEA,283565.7168262249,287608.20685387275,-1.4055544769978594,Higher resp.,ECPC 2025,FALSE,-1.4055544769978594
ECPC,2025,Unlimited (U),NAM,539219.1865041415,544172.754455517,-0.9102932682346241,Higher resp.,ECPC 2025,FALSE,-0.9102932682346241
ECPC,2025,Unlimited (U),PAO,126281.17815324207,126929.60605925642,-0.5108563133108837,Higher resp.,ECPC 2025,FALSE,-0.5108563133108837
ECPC,2025,Unlimited (U),PAS,284813.28047072573,286407.08052768884,-0.5564806756965034,Lower resp.,ECPC 2025,FALSE,-0.5564806756965034
ECPC,2025,Unlimited (U),RCPA,48353.943811155,48985.13654832773,-1.2885393032435752,Higher resp.,ECPC 2025,FALSE,-1.2885393032435752
ECPC,2025,Unlimited (U),SAS,374523.93088518793,375858.3958231356,-0.35504459998164783,Lower resp.,ECPC 2025,FALSE,-0.35504459998164783
ECPC,2025,Unlimited (U),WEU,414718.8368845811,416746.26670925645,-0.4864902187809673,Higher resp.,ECPC 2025,FALSE,-0.4864902187809673
ECPC,2025,Lowest-f. (L),AFR,150696.4522631846,150644.6409100833,0.03439309409765448,Lower resp.,ECPC 2025,FALSE,0.03439309409765448
ECPC,2025,Lowest-f. (L),CHN,658644.3734713611,668013.5292433327,-1.4025398231955157,Higher resp.,ECPC 2025,FALSE,-1.4025398231955157
ECPC,2025,Lowest-f. (L),EEU,60739.81905674539,61523.73116335529,-1.2741621676495607,Higher resp.,ECPC 2025,FALSE,-1.2741621676495607
ECPC,2025,Lowest-f. (L),FSU,101146.29526196857,102006.69131736126,-0.8434702118862384,Higher resp.,ECPC 2025,FALSE,-0.8434702118862384
ECPC,2025,Lowest-f. (L),LAM,216162.99679415574,218841.43592540748,-1.2239177283431328,Lower resp.,ECPC 2025,FALSE,-1.2239177283431328
ECPC,2025,Lowest-f. (L),MEA,284051.2269069565,287608.20685387275,-1.236744940565429,Higher resp.,ECPC 2025,FALSE,-1.236744940565429
ECPC,2025,Lowest-f. (L),NAM,538669.5433988225,544172.754455517,-1.0112985282037599,Higher resp.,ECPC 2025,FALSE,-1.0112985282037599
ECPC,2025,Lowest-f. (L),PAO,126437.28780262031,126929.60605925642,-0.3878671587511824,Higher resp.,ECPC 2025,FALSE,-0.3878671587511824
ECPC,2025,Lowest-f. (L),PAS,284833.7959980455,286407.08052768884,-0.5493176100062465,Lower resp.,ECPC 2025,FALSE,-0.5493176100062465
ECPC,2025,Lowest-f. (L),RCPA,48275.68987169087,48985.13654832773,-1.4482896785169488,Higher resp.,ECPC 2025,FALSE,-1.4482896785169488
ECPC,2025,Lowest-f. (L),SAS,373296.4784798814,375858.3958231356,-0.6816176974425603,Lower resp.,ECPC 2025,FALSE,-0.6816176974425603
ECPC,2025,Lowest-f. (L),WEU,414448.39727249084,416746.26670925645,-0.5513833284963114,Higher resp.,ECPC 2025,FALSE,-0.5513833284963114
