scenario_set,grp,metric,scenario_label,year,gt,pct
SSP1 2C,Higher-resp.,Gross CO₂,Source,2030,23.557219942387988,-20.926808293410282
SSP1 2C,Higher-resp.,Gross CO₂,Unlimited (U),2030,23.55575665181194,-20.93172003836683
SSP1 2C,Higher-resp.,Gross CO₂,Lowest-f. (L),2030,23.168457591821564,-22.231744951887944
SSP1 2C,Higher-resp.,Net CO₂,Source,2030,22.68515909389847,-22.638046261054612
SSP1 2C,Higher-resp.,Net CO₂,Unlimited (U),2030,22.68313394859008,-22.6449525030172
SSP1 2C,Higher-resp.,Net CO₂,Lowest-f. (L),2030,22.298940182583742,-23.955147429556977
SSP1 2C,Lower-resp.,Gross CO₂,Source,2030,10.328828512181131,-19.678679597844795
SSP1 2C,Lower-resp.,Gross CO₂,Unlimited (U),2030,10.325330844575836,-19.705878934154207
SSP1 2C,Lower-resp.,Gross CO₂,Lowest-f. (L),2030,10.740560662746685,-16.47687699782654
SSP1 2C,Lower-resp.,Net CO₂,Source,2030,9.206225366107116,-25.688726352989978
SSP1 2C,Lower-resp.,Net CO₂,Unlimited (U),2030,9.202562702704546,-25.718290823938883
SSP1 2C,Lower-resp.,Net CO₂,Lowest-f. (L),2030,9.618870709763401,-22.35791488225437
SSP2 2C,Higher-resp.,Gross CO₂,Source,2030,25.523622434991836,-14.537269276084185
SSP2 2C,Higher-resp.,Gross CO₂,Unlimited (U),2030,25.524026676194072,-14.535915723816972
SSP2 2C,Higher-resp.,Gross CO₂,Lowest-f. (L),2030,24.780279655463048,-17.02626173647027
SSP2 2C,Higher-resp.,Net CO₂,Source,2030,24.654252255449993,-16.13050259889026
SSP2 2C,Higher-resp.,Net CO₂,Unlimited (U),2030,24.654276534286126,-16.130420006493516
SSP2 2C,Higher-resp.,Net CO₂,Lowest-f. (L),2030,23.910790278607486,-18.659631517039987
SSP2 2C,Lower-resp.,Gross CO₂,Source,2030,12.347572642152427,-3.7043618516955368
SSP2 2C,Lower-resp.,Gross CO₂,Unlimited (U),2030,12.34813973085057,-3.699939268435093
SSP2 2C,Lower-resp.,Gross CO₂,Lowest-f. (L),2030,12.861438045322965,0.3031462112023098
SSP2 2C,Lower-resp.,Net CO₂,Source,2030,11.424021762327973,-7.506109619457446
SSP2 2C,Lower-resp.,Net CO₂,Unlimited (U),2030,11.424571086973101,-7.5016620462151185
SSP2 2C,Lower-resp.,Net CO₂,Lowest-f. (L),2030,11.933998834981223,-3.377111580419434
SSP1 2C,Higher-resp.,Gross CO₂,Source,2035,17.878763912930363,-39.98736141949476
SSP1 2C,Higher-resp.,Gross CO₂,Unlimited (U),2035,17.875327786919264,-39.99889526990105
SSP1 2C,Higher-resp.,Gross CO₂,Lowest-f. (L),2035,17.379049828358358,-41.664723506552626
SSP1 2C,Higher-resp.,Net CO₂,Source,2035,16.680861860225125,-43.114171771289655
SSP1 2C,Higher-resp.,Net CO₂,Unlimited (U),2035,16.676988426453978,-43.127381130015074
SSP1 2C,Higher-resp.,Net CO₂,Lowest-f. (L),2035,16.171574039274557,-44.850968091787294
SSP1 2C,Lower-resp.,Gross CO₂,Source,2035,8.665191866755194,-32.61581877799813
SSP1 2C,Lower-resp.,Gross CO₂,Unlimited (U),2035,8.661473818755331,-32.64473188506689
SSP1 2C,Lower-resp.,Gross CO₂,Lowest-f. (L),2035,8.935946180278794,-30.510319210341706
SSP1 2C,Lower-resp.,Net CO₂,Source,2035,7.128810470865369,-42.457308548144546
SSP1 2C,Lower-resp.,Net CO₂,Unlimited (U),2035,7.125683446300714,-42.4825494225403
SSP1 2C,Lower-resp.,Net CO₂,Lowest-f. (L),2035,7.405108842383711,-40.22706943519474
SSP2 2C,Higher-resp.,Gross CO₂,Source,2035,20.69488083278814,-30.705720456381403
SSP2 2C,Higher-resp.,Gross CO₂,Unlimited (U),2035,20.69924345376979,-30.69111275313886
SSP2 2C,Higher-resp.,Gross CO₂,Lowest-f. (L),2035,19.484057779265214,-34.76001348790941
SSP2 2C,Higher-resp.,Net CO₂,Source,2035,19.47132778213078,-33.761914257262625
SSP2 2C,Higher-resp.,Net CO₂,Unlimited (U),2035,19.476215152909205,-33.745288268100495
SSP2 2C,Higher-resp.,Net CO₂,Lowest-f. (L),2035,18.24691907594485,-37.92714067489435
SSP2 2C,Lower-resp.,Gross CO₂,Source,2035,10.873299291563555,-15.201851861622451
SSP2 2C,Lower-resp.,Gross CO₂,Unlimited (U),2035,10.8803173404691,-15.147119849307067
SSP2 2C,Lower-resp.,Gross CO₂,Lowest-f. (L),2035,11.674500138750975,-8.95348636495058
SSP2 2C,Lower-resp.,Net CO₂,Source,2035,9.541839091289864,-22.745085986365176
SSP2 2C,Lower-resp.,Net CO₂,Unlimited (U),2035,9.549018095795326,-22.6869616174184
SSP2 2C,Lower-resp.,Net CO₂,Lowest-f. (L),2035,10.3531126605641,-16.176659372146997
SSP1 2C,Higher-resp.,Gross CO₂,Source,2040,13.21462252997798,-55.64322177240558
SSP1 2C,Higher-resp.,Gross CO₂,Unlimited (U),2040,13.22399990611078,-55.61174526276365
SSP1 2C,Higher-resp.,Gross CO₂,Lowest-f. (L),2040,12.744276740066507,-57.22200496095729
SSP1 2C,Higher-resp.,Net CO₂,Source,2040,11.649708544429512,-60.27163795696031
SSP1 2C,Higher-resp.,Net CO₂,Unlimited (U),2040,11.660249594342458,-60.23569039263643
SSP1 2C,Higher-resp.,Net CO₂,Lowest-f. (L),2040,11.174044129448475,-61.89377022038018
SSP1 2C,Lower-resp.,Gross CO₂,Source,2040,8.009522640441451,-37.71457881089737
SSP1 2C,Lower-resp.,Gross CO₂,Unlimited (U),2040,7.99141926097818,-37.85535831367606
SSP1 2C,Lower-resp.,Gross CO₂,Lowest-f. (L),2040,8.48191684758848,-34.04104251163258
SSP1 2C,Lower-resp.,Net CO₂,Source,2040,6.021199813690471,-51.39777604339908
SSP1 2C,Lower-resp.,Net CO₂,Unlimited (U),2040,6.003124035677123,-51.54368101888205
SSP1 2C,Lower-resp.,Net CO₂,Lowest-f. (L),2040,6.503169458848371,-47.507389183792384
SSP2 2C,Higher-resp.,Gross CO₂,Source,2040,16.592129567862095,-44.443281708693185
SSP2 2C,Higher-resp.,Gross CO₂,Unlimited (U),2040,16.612763688091466,-44.374190878605134
SSP2 2C,Higher-resp.,Gross CO₂,Lowest-f. (L),2040,14.90293668920532,-50.099337642645736
SSP2 2C,Higher-resp.,Net CO₂,Source,2040,14.941802122431817,-49.170576284739234
SSP2 2C,Higher-resp.,Net CO₂,Unlimited (U),2040,14.96526328186661,-49.09076548253539
SSP2 2C,Higher-resp.,Net CO₂,Lowest-f. (L),2040,13.250230399629391,-54.92501039774329
SSP2 2C,Lower-resp.,Gross CO₂,Source,2040,10.273935253109125,-19.876142448023348
SSP2 2C,Lower-resp.,Gross CO₂,Unlimited (U),2040,10.278790836193577,-19.838274967081926
SSP2 2C,Lower-resp.,Gross CO₂,Lowest-f. (L),2040,11.636873760609655,-9.246925099780023
SSP2 2C,Lower-resp.,Net CO₂,Source,2040,8.470326897322984,-31.420518638026294
SSP2 2C,Lower-resp.,Net CO₂,Unlimited (U),2040,8.475480362620026,-31.378793922844427
SSP2 2C,Lower-resp.,Net CO₂,Lowest-f. (L),2040,9.85118312913837,-20.240500988025367
SSP1 2C,Higher-resp.,Gross CO₂,Source,2045,10.451378947760423,-64.9184456758652
SSP1 2C,Higher-resp.,Gross CO₂,Unlimited (U),2045,10.44132783245366,-64.95218368779787
SSP1 2C,Higher-resp.,Gross CO₂,Lowest-f. (L),2045,9.868717595937982,-66.8742321772161
SSP1 2C,Higher-resp.,Net CO₂,Source,2045,8.584869985430233,-70.72348878318662
SSP1 2C,Higher-resp.,Net CO₂,Unlimited (U),2045,8.574866540919384,-70.75760298129629
SSP1 2C,Higher-resp.,Net CO₂,Lowest-f. (L),2045,7.951283980178948,-72.88417238364137
SSP1 2C,Lower-resp.,Gross CO₂,Source,2045,7.560975905163438,-41.20266712576455
SSP1 2C,Lower-resp.,Gross CO₂,Unlimited (U),2045,7.555727254183548,-41.24348284620542
SSP1 2C,Lower-resp.,Gross CO₂,Lowest-f. (L),2045,8.101343023211701,-37.000544845163496
SSP1 2C,Lower-resp.,Net CO₂,Source,2045,5.092604702237744,-58.89325683930517
SSP1 2C,Lower-resp.,Net CO₂,Unlimited (U),2045,5.087898186366752,-58.931247131189714
SSP1 2C,Lower-resp.,Net CO₂,Lowest-f. (L),2045,5.691939948099418,-54.05551241198645
SSP2 2C,Higher-resp.,Gross CO₂,Source,2045,13.00902733227404,-56.44086168764262
SSP2 2C,Higher-resp.,Gross CO₂,Unlimited (U),2045,13.008209778504751,-56.443599166533595
SSP2 2C,Higher-resp.,Gross CO₂,Lowest-f. (L),2045,11.087050177663107,-62.87636732327066
SSP2 2C,Higher-resp.,Net CO₂,Source,2045,10.880314001584733,-62.987055643618305
SSP2 2C,Higher-resp.,Net CO₂,Unlimited (U),2045,10.883234669343407,-62.97712003760366
SSP2 2C,Higher-resp.,Net CO₂,Lowest-f. (L),2045,8.952219897735938,-69.54609794416484
SSP2 2C,Lower-resp.,Gross CO₂,Source,2045,9.565754824149534,-25.399064912799872
SSP2 2C,Lower-resp.,Gross CO₂,Unlimited (U),2045,9.563783395354312,-25.414439594075432
SSP2 2C,Lower-resp.,Gross CO₂,Lowest-f. (L),2045,11.188959030399841,-12.740100319849901
SSP2 2C,Lower-resp.,Net CO₂,Source,2045,7.145524970296317,-42.146696052919964
SSP2 2C,Lower-resp.,Net CO₂,Unlimited (U),2045,7.144225772790685,-42.15721492571001
SSP2 2C,Lower-resp.,Net CO₂,Lowest-f. (L),2045,8.800463433745938,-28.74758845233535
SSP1 2C,Higher-resp.,Gross CO₂,Source,2050,8.2906833396621,-72.17113077438646
SSP1 2C,Higher-resp.,Gross CO₂,Unlimited (U),2050,8.29259469837406,-72.16471502438621
SSP1 2C,Higher-resp.,Gross CO₂,Lowest-f. (L),2050,7.716314749467299,-74.09908143043968
SSP1 2C,Higher-resp.,Net CO₂,Source,2050,6.120998799868316,-79.12589353984664
SSP1 2C,Higher-resp.,Net CO₂,Unlimited (U),2050,6.122842973656142,-79.11960445513404
SSP1 2C,Higher-resp.,Net CO₂,Lowest-f. (L),2050,5.43789379121775,-81.45544908139367
SSP1 2C,Lower-resp.,Gross CO₂,Source,2050,6.756210320530807,-47.460863231515894
SSP1 2C,Lower-resp.,Gross CO₂,Unlimited (U),2050,6.766458617809116,-47.38116815590332
SSP1 2C,Lower-resp.,Gross CO₂,Lowest-f. (L),2050,7.294349087844177,-43.276069544678855
SSP1 2C,Lower-resp.,Net CO₂,Source,2050,3.810692297362808,-69.24066196158921
SSP1 2C,Lower-resp.,Net CO₂,Unlimited (U),2050,3.821086655774992,-69.15676025577213
SSP1 2C,Lower-resp.,Net CO₂,Lowest-f. (L),2050,4.449430016318812,-64.08486666716253
SSP2 2C,Higher-resp.,Gross CO₂,Source,2050,9.94176231183649,-66.71122378723086
SSP2 2C,Higher-resp.,Gross CO₂,Unlimited (U),2050,9.945958797738049,-66.69717236700221
SSP2 2C,Higher-resp.,Gross CO₂,Lowest-f. (L),2050,8.329989549963852,-72.10804792090943
SSP2 2C,Higher-resp.,Net CO₂,Source,2050,7.236620861148612,-75.38226881844476
SSP2 2C,Higher-resp.,Net CO₂,Unlimited (U),2050,7.245639313758609,-75.3515896041697
SSP2 2C,Higher-resp.,Net CO₂,Lowest-f. (L),2050,5.607752446575923,-80.92339713364461
SSP2 2C,Lower-resp.,Gross CO₂,Source,2050,8.33948744277296,-34.96241824971315
SSP2 2C,Lower-resp.,Gross CO₂,Unlimited (U),2050,8.331162593132232,-35.02734167489761
SSP2 2C,Lower-resp.,Gross CO₂,Lowest-f. (L),2050,10.00673943167559,-21.95993599038045
SSP2 2C,Lower-resp.,Net CO₂,Source,2050,5.189623325839889,-57.982533559291305
SSP2 2C,Lower-resp.,Net CO₂,Unlimited (U),2050,5.182784514488352,-58.037903575266604
SSP2 2C,Lower-resp.,Net CO₂,Lowest-f. (L),2050,6.907455397309137,-44.074211725153035
SSP1 2C,Higher-resp.,Gross CO₂,Source,2055,6.69097165802632,-77.54079276279656
SSP1 2C,Higher-resp.,Gross CO₂,Unlimited (U),2055,6.688652872520837,-77.54857609933839
SSP1 2C,Higher-resp.,Gross CO₂,Lowest-f. (L),2055,6.111301847564017,-79.48653772596735
SSP1 2C,Higher-resp.,Net CO₂,Source,2055,4.259747613255803,-85.4732163688059
SSP1 2C,Higher-resp.,Net CO₂,Unlimited (U),2055,4.257135737645261,-85.48212350493478
SSP1 2C,Higher-resp.,Net CO₂,Lowest-f. (L),2055,3.542757085508372,-87.91832983745147
SSP1 2C,Lower-resp.,Gross CO₂,Source,2055,5.79388832127287,-54.944284370833174
SSP1 2C,Lower-resp.,Gross CO₂,Unlimited (U),2055,5.791759821630302,-54.96083648045189
SSP1 2C,Lower-resp.,Gross CO₂,Lowest-f. (L),2055,6.421438637471028,-50.064188825013915
SSP1 2C,Lower-resp.,Net CO₂,Source,2055,2.4436737522456986,-80.27503111365468
SSP1 2C,Lower-resp.,Net CO₂,Unlimited (U),2055,2.4279162758409734,-80.40222310543545
SSP1 2C,Lower-resp.,Net CO₂,Lowest-f. (L),2055,3.22218410785598,-73.99101201004136
SSP2 2C,Higher-resp.,Gross CO₂,Source,2055,7.66323698043528,-74.34058742247245
SSP2 2C,Higher-resp.,Gross CO₂,Unlimited (U),2055,7.658309779438236,-74.35708555290456
SSP2 2C,Higher-resp.,Gross CO₂,Lowest-f. (L),2055,6.312819073294824,-78.86229676277658
SSP2 2C,Higher-resp.,Net CO₂,Source,2055,4.435826963486194,-84.91008471353506
SSP2 2C,Higher-resp.,Net CO₂,Unlimited (U),2055,4.438361097099179,-84.9014640297574
SSP2 2C,Higher-resp.,Net CO₂,Lowest-f. (L),2055,3.0585392411379777,-89.59537907384278
SSP2 2C,Lower-resp.,Gross CO₂,Source,2055,7.02290631676426,-45.23010594650086
SSP2 2C,Lower-resp.,Gross CO₂,Unlimited (U),2055,7.004611390942903,-45.37278350814802
SSP2 2C,Lower-resp.,Gross CO₂,Lowest-f. (L),2055,8.590352760607619,-33.00598223024021
SSP2 2C,Lower-resp.,Net CO₂,Source,2055,3.2713156249869897,-73.51399401080587
SSP2 2C,Lower-resp.,Net CO₂,Unlimited (U),2055,3.257895901409462,-73.622645978330155
SSP2 2C,Lower-resp.,Net CO₂,Lowest-f. (L),2055,4.902809931178261,-60.304700589205815
SSP1 2C,Higher-resp.,Gross CO₂,Source,2060,5.669390915533542,-80.96987523061101
SSP1 2C,Higher-resp.,Gross CO₂,Unlimited (U),2060,5.674987694696899,-80.95108883761533
SSP1 2C,Higher-resp.,Gross CO₂,Lowest-f. (L),2060,5.046075794015916,-83.06212194808947
SSP1 2C,Higher-resp.,Net CO₂,Source,2060,2.992555584547832,-89.79465183670322
SSP1 2C,Higher-resp.,Net CO₂,Unlimited (U),2060,2.997409578804443,-89.7780985263396
SSP1 2C,Higher-resp.,Net CO₂,Lowest-f. (L),2060,2.238364731820646,-92.36662753312712
SSP1 2C,Lower-resp.,Gross CO₂,Source,2060,4.944365118827091,-61.55053456195996
SSP1 2C,Lower-resp.,Gross CO₂,Unlimited (U),2060,4.942492577612333,-61.56509623104949
SSP1 2C,Lower-resp.,Gross CO₂,Lowest-f. (L),2060,5.62065045118361,-56.291455006188016
SSP1 2C,Lower-resp.,Net CO₂,Source,2060,1.1743582849524064,-90.52075564063307
SSP1 2C,Lower-resp.,Net CO₂,Unlimited (U),2060,1.1585014714528743,-90.64874946657953
SSP1 2C,Lower-resp.,Net CO₂,Lowest-f. (L),2060,2.081979187779127,-83.19457551842923
SSP2 2C,Higher-resp.,Gross CO₂,Source,2060,6.377871303285876,-78.64447732006717
SSP2 2C,Higher-resp.,Gross CO₂,Unlimited (U),2060,6.380906250437745,-78.63431517040121
SSP2 2C,Higher-resp.,Gross CO₂,Lowest-f. (L),2060,4.939339224883756,-83.4612261952444
SSP2 2C,Higher-resp.,Net CO₂,Source,2060,2.5353163043246623,-91.37529291120383
SSP2 2C,Higher-resp.,Net CO₂,Unlimited (U),2060,2.5409972550485245,-91.3559673004721
SSP2 2C,Higher-resp.,Net CO₂,Lowest-f. (L),2060,1.0335295147248973,-96.48411154185264
SSP2 2C,Lower-resp.,Gross CO₂,Source,2060,6.179222912332588,-51.809782307142996
SSP2 2C,Lower-resp.,Gross CO₂,Unlimited (U),2060,6.148173035784103,-52.0519325469768
SSP2 2C,Lower-resp.,Gross CO₂,Lowest-f. (L),2060,7.7378803828731435,-39.65420160070215
SSP2 2C,Lower-resp.,Net CO₂,Source,2060,1.7280045080593258,-86.009317657939
SSP2 2C,Lower-resp.,Net CO₂,Unlimited (U),2060,1.6969758695952448,-86.26053912306419
SSP2 2C,Lower-resp.,Net CO₂,Lowest-f. (L),2060,3.40839166364658,-72.4041662848654
SSP1 2C,Higher-resp.,Gross CO₂,Source,2070,4.139950926341682,-86.10366019186111
SSP1 2C,Higher-resp.,Gross CO₂,Unlimited (U),2070,4.14289835691093,-86.09376671788523
SSP1 2C,Higher-resp.,Gross CO₂,Lowest-f. (L),2070,3.5459632324562596,-88.09746518688277
SSP1 2C,Higher-resp.,Net CO₂,Source,2070,1.3502092306531726,-95.39545552194154
SSP1 2C,Higher-resp.,Net CO₂,Unlimited (U),2070,1.352592304552958,-95.38732865573671
SSP1 2C,Higher-resp.,Net CO₂,Lowest-f. (L),2070,0.5998681466988829,-97.95430256308549
SSP1 2C,Lower-resp.,Gross CO₂,Source,2070,3.628832242440618,-71.78067223335145
SSP1 2C,Lower-resp.,Gross CO₂,Unlimited (U),2070,3.6278295502567635,-71.78846959004773
SSP1 2C,Lower-resp.,Gross CO₂,Lowest-f. (L),2070,4.362747120868638,-66.07344105717253
SSP1 2C,Lower-resp.,Net CO₂,Source,2070,-0.6281490272565792,-105.07032495939266
SSP1 2C,Lower-resp.,Net CO₂,Unlimited (U),2070,-0.6257146392038885,-105.05067494328372
SSP1 2C,Lower-resp.,Net CO₂,Lowest-f. (L),2070,0.34626631939593483,-97.20499008093965
SSP2 2C,Higher-resp.,Gross CO₂,Source,2070,3.9273424347592822,-86.84977378045329
SSP2 2C,Higher-resp.,Gross CO₂,Unlimited (U),2070,3.9173971535608807,-86.8830743392277
SSP2 2C,Higher-resp.,Gross CO₂,Lowest-f. (L),2070,2.366603772219871,-92.07571646890744
SSP2 2C,Higher-resp.,Net CO₂,Source,2070,-1.083821760875138,-103.68697397167621
SSP2 2C,Higher-resp.,Net CO₂,Unlimited (U),2070,-1.0906395845174297,-103.71016702723206
SSP2 2C,Higher-resp.,Net CO₂,Lowest-f. (L),2070,-2.8935857127733695,-109.84347758361592
SSP2 2C,Lower-resp.,Gross CO₂,Source,2070,4.389362681803212,-65.76845565049354
SSP2 2C,Lower-resp.,Gross CO₂,Unlimited (U),2070,4.391226171688982,-65.75392275784057
SSP2 2C,Lower-resp.,Gross CO₂,Lowest-f. (L),2070,6.024457093846897,-53.01676230932959
SSP2 2C,Lower-resp.,Net CO₂,Source,2070,-1.9630998901858234,-115.89411766070566
SSP2 2C,Lower-resp.,Net CO₂,Unlimited (U),2070,-1.9637376887834566,-115.89928155786914
SSP2 2C,Lower-resp.,Net CO₂,Lowest-f. (L),2070,0.005710637171475809,-99.95376417696583
SSP1 2C,Higher-resp.,Gross CO₂,Source,2080,3.0390593565107595,-89.79896084118657
SSP1 2C,Higher-resp.,Gross CO₂,Unlimited (U),2080,3.0419812147980267,-89.78915320424751
SSP1 2C,Higher-resp.,Gross CO₂,Lowest-f. (L),2080,2.5444013921921673,-91.45935133452211
SSP1 2C,Higher-resp.,Net CO₂,Source,2080,-0.07250900525367211,-100.2472734833762
SSP1 2C,Higher-resp.,Net CO₂,Unlimited (U),2080,-0.06864492296489666,-100.23409601549818
SSP1 2C,Higher-resp.,Net CO₂,Lowest-f. (L),2080,-0.7331538106772769,-102.5002342258381
SSP1 2C,Lower-resp.,Gross CO₂,Source,2080,2.736078540059585,-78.72310099810349
SSP1 2C,Lower-resp.,Gross CO₂,Unlimited (U),2080,2.7306287174752395,-78.76548111366218
SSP1 2C,Lower-resp.,Gross CO₂,Lowest-f. (L),2080,3.2983755668405026,-74.3504425116173
SSP1 2C,Lower-resp.,Net CO₂,Source,2080,-2.1365852308358955,-117.24619629053723
SSP1 2C,Lower-resp.,Net CO₂,Unlimited (U),2080,-2.139740828083986,-117.27166779935843
SSP1 2C,Lower-resp.,Net CO₂,Lowest-f. (L),2080,-1.2803985850355493,-110.3351857950502
SSP2 2C,Higher-resp.,Gross CO₂,Source,2080,2.774483533375407,-90.70998093179257
SSP2 2C,Higher-resp.,Gross CO₂,Unlimited (U),2080,2.7684131470289217,-90.73030687866948
SSP2 2C,Higher-resp.,Gross CO₂,Lowest-f. (L),2080,1.6407618150998713,-94.50610956406712
SSP2 2C,Higher-resp.,Net CO₂,Source,2080,-2.3917937812288232,-108.13646831549788
SSP2 2C,Higher-resp.,Net CO₂,Unlimited (U),2080,-2.4014092262522153,-108.16917839459678
SSP2 2C,Higher-resp.,Net CO₂,Lowest-f. (L),2080,-4.535687972448281,-115.4296251484733
SSP2 2C,Lower-resp.,Gross CO₂,Source,2080,2.9380591288215063,-77.08680994016007
SSP2 2C,Lower-resp.,Gross CO₂,Unlimited (U),2080,2.9360461910967866,-77.10250833921974
SSP2 2C,Lower-resp.,Gross CO₂,Lowest-f. (L),2080,4.718973888597244,-63.19790009120014
SSP2 2C,Lower-resp.,Net CO₂,Source,2080,-4.109311440543684,-133.27078762879592
SSP2 2C,Lower-resp.,Net CO₂,Unlimited (U),2080,-4.103268234759699,-133.22185918442145
SSP2 2C,Lower-resp.,Net CO₂,Lowest-f. (L),2080,-1.9055427838340644,-115.42811008506565
SSP1 2C,Higher-resp.,Gross CO₂,Source,2090,2.118120275128747,-92.89022512068578
SSP1 2C,Higher-resp.,Gross CO₂,Unlimited (U),2090,2.1183085357718032,-92.88959319680191
SSP1 2C,Higher-resp.,Gross CO₂,Lowest-f. (L),2090,1.7207710441286466,-94.22398487647095
SSP1 2C,Higher-resp.,Net CO₂,Source,2090,-1.2879914909195245,-104.39236673299203
SSP1 2C,Higher-resp.,Net CO₂,Unlimited (U),2090,-1.2889633536458651,-104.39568102313939
SSP1 2C,Higher-resp.,Net CO₂,Lowest-f. (L),2090,-2.042873502430861,-106.96669945030631
SSP1 2C,Lower-resp.,Gross CO₂,Source,2090,1.9593686782686324,-84.76312398762747
SSP1 2C,Lower-resp.,Gross CO₂,Unlimited (U),2090,1.9570707171888528,-84.78099390074907
SSP1 2C,Lower-resp.,Gross CO₂,Lowest-f. (L),2090,2.2858117188248115,-82.22456542576887
SSP1 2C,Lower-resp.,Net CO₂,Source,2090,-3.520826148262597,-128.41958185493826
SSP1 2C,Lower-resp.,Net CO₂,Unlimited (U),2090,-3.5217138747169168,-128.42674745004888
SSP1 2C,Lower-resp.,Net CO₂,Lowest-f. (L),2090,-3.0072249419863772,-124.27386976694868
SSP2 2C,Higher-resp.,Gross CO₂,Source,2090,2.223943726819563,-92.55339619780021
SSP2 2C,Higher-resp.,Gross CO₂,Unlimited (U),2090,2.2157066796801552,-92.58097694357517
SSP2 2C,Higher-resp.,Gross CO₂,Lowest-f. (L),2090,1.6712328092161521,-94.40408116383973
SSP2 2C,Higher-resp.,Net CO₂,Source,2090,-3.2985064194038847,-111.22094771738955
SSP2 2C,Higher-resp.,Net CO₂,Unlimited (U),2090,-3.3019580761314393,-111.232689655938
SSP2 2C,Higher-resp.,Net CO₂,Lowest-f. (L),2090,-5.350310034188802,-118.20082835440017
SSP2 2C,Lower-resp.,Gross CO₂,Source,2090,2.4058292585236876,-81.23753789999847
SSP2 2C,Lower-resp.,Gross CO₂,Unlimited (U),2090,2.406503494816364,-81.23227969938304
SSP2 2C,Lower-resp.,Gross CO₂,Lowest-f. (L),2090,3.7312173530989243,-70.90116685281916
SSP2 2C,Lower-resp.,Net CO₂,Source,2090,-4.981897519217413,-140.33562720872234
SSP2 2C,Lower-resp.,Net CO₂,Unlimited (U),2090,-4.9819378626517725,-140.3359538468602
SSP2 2C,Lower-resp.,Net CO₂,Lowest-f. (L),2090,-2.799725573163748,-122.66780610605554
SSP1 2C,Higher-resp.,Gross CO₂,Source,2100,1.3166631430665037,-95.58043107890835
SSP1 2C,Higher-resp.,Gross CO₂,Unlimited (U),2100,1.3161393129691883,-95.58218938985539
SSP1 2C,Higher-resp.,Gross CO₂,Lowest-f. (L),2100,1.0949549821052402,-96.3246263599084
SSP1 2C,Higher-resp.,Net CO₂,Source,2100,-2.4492486619859717,-108.35253836657887
SSP1 2C,Higher-resp.,Net CO₂,Unlimited (U),2100,-2.450997845575855,-108.35850351142979
SSP1 2C,Higher-resp.,Net CO₂,Lowest-f. (L),2100,-3.1612144949155185,-110.78051639409993
SSP1 2C,Lower-resp.,Gross CO₂,Source,2100,1.3615295856361427,-89.41217254639066
SSP1 2C,Lower-resp.,Gross CO₂,Unlimited (U),2100,1.3614462762727877,-89.41282039508509
SSP1 2C,Lower-resp.,Gross CO₂,Lowest-f. (L),2100,1.649189186472441,-87.17521034508393
SSP1 2C,Lower-resp.,Net CO₂,Source,2100,-4.646129226530745,-137.50285992597762
SSP1 2C,Lower-resp.,Net CO₂,Unlimited (U),2100,-4.651545178418005,-137.54657667923405
SSP1 2C,Lower-resp.,Net CO₂,Lowest-f. (L),2100,-4.118349309515691,-133.24269940643495
SSP2 2C,Higher-resp.,Gross CO₂,Source,2100,2.0370102351120933,-93.17932015141483
SSP2 2C,Higher-resp.,Gross CO₂,Unlimited (U),2100,2.028665584131048,-93.20726119550426
SSP2 2C,Higher-resp.,Gross CO₂,Lowest-f. (L),2100,1.7806421936063181,-94.03773721009175
SSP2 2C,Higher-resp.,Net CO₂,Source,2100,-4.821603087290544,-116.40225886426163
SSP2 2C,Higher-resp.,Net CO₂,Unlimited (U),2100,-4.799073007073407,-116.32561543234412
SSP2 2C,Higher-resp.,Net CO₂,Lowest-f. (L),2100,-6.521588350531034,-122.18531438506963
SSP2 2C,Lower-resp.,Gross CO₂,Source,2100,2.2885015173280787,-82.1525476787108
SSP2 2C,Lower-resp.,Gross CO₂,Unlimited (U),2100,2.2772733184945655,-82.24011359982455
SSP2 2C,Lower-resp.,Gross CO₂,Lowest-f. (L),2100,3.09970161596802,-75.82620051491038
SSP2 2C,Lower-resp.,Net CO₂,Source,2100,-4.258506460021174,-134.4787359384166
SSP2 2C,Lower-resp.,Net CO₂,Unlimited (U),2100,-4.28219817306525,-134.67055443761205
SSP2 2C,Lower-resp.,Net CO₂,Lowest-f. (L),2100,-2.5109354770534793,-120.32963483429788
